source_url,source_type,title,material_id,reported_active_for_co2rr,download_url,original_format,local_filename,status,notes
https://pubs.rsc.org/en/content/articlelanding/2025/sc/d5sc01200g,RSC supplementary CIF,Arylation of gold nanoclusters structure-related CO2RR,Au_NC_arylation_CO2RR,yes,https://www.rsc.org/suppdata/d5/sc/d5sc01200g/d5sc01200g2.cif,CIF,Au_NC_arylation_CO2RR.cif,downloaded,From RSC supplementary crystal structure data for CO2RR-active cluster.
https://pubs.rsc.org/en/content/articlelanding/2024/nr/d4nr02702g,RSC supplementary CIF,Atomically precise alkynyl-protected Ag19Cu2 nanoclusters CO2RR,Ag19Cu2_CO2RR,yes,https://www.rsc.org/suppdata/d4/nr/d4nr02702g/d4nr02702g2.cif,CIF,Ag19Cu2_CO2RR.cif,downloaded,From RSC supplementary crystal structure data for CO2RR-active cluster.
https://pubs.rsc.org/en/content/articlelanding/2023/sc/d3sc04085b,RSC supplementary CIF,Role of metal accessibility on CO2 electroreduction in nanoclusters,metal_accessibility_CO2RR,yes,https://www.rsc.org/suppdata/d3/sc/d3sc04085b/d3sc04085b2.cif,CIF,metal_accessibility_CO2RR.cif,downloaded,From RSC supplementary crystal structure data for CO2RR-active cluster.
https://iochem-bd.bsc.es/browse/handle/100/216015,ioChem-BD collection (Bimetallic_CO2_SBQT2021),/Catalytic_cycle/ZnMg Int7a_ZnMg_sp,216015,yes,https://iochem-bd.bsc.es/browse/bitstream/100/216015/6/geometry.cml,CML,216015_Catalytic_cycle_ZnMg_Int7a_ZnMg_sp.cif,downloaded_converted,"From ioChem-BD Bimetallic_CO2_SBQT2021 collection, related to CO2 reduction."
https://iochem-bd.bsc.es/browse/handle/100/216058,ioChem-BD collection (Bimetallic_CO2_SBQT2021),/Catalytic_cycle/MgMg Int1_MgMg,216058,yes,https://iochem-bd.bsc.es/browse/bitstream/100/216058/6/geometry.cml,CML,216058_Catalytic_cycle_MgMg_Int1_MgMg.cif,downloaded_converted,"From ioChem-BD Bimetallic_CO2_SBQT2021 collection, related to CO2 reduction."
https://iochem-bd.bsc.es/browse/handle/100/216013,ioChem-BD collection (Bimetallic_CO2_SBQT2021),/Catalytic_cycle/ZnMg Int8a_ZnMg_sp,216013,yes,https://iochem-bd.bsc.es/browse/bitstream/100/216013/6/geometry.cml,CML,216013_Catalytic_cycle_ZnMg_Int8a_ZnMg_sp.cif,downloaded_converted,"From ioChem-BD Bimetallic_CO2_SBQT2021 collection, related to CO2 reduction."
https://iochem-bd.bsc.es/browse/handle/100/216060,ioChem-BD collection (Bimetallic_CO2_SBQT2021),/Catalytic_cycle/MgMg cat_MgMg,216060,yes,https://iochem-bd.bsc.es/browse/bitstream/100/216060/6/geometry.cml,CML,216060_Catalytic_cycle_MgMg_cat_MgMg.cif,downloaded_converted,"From ioChem-BD Bimetallic_CO2_SBQT2021 collection, related to CO2 reduction."
https://iochem-bd.bsc.es/browse/handle/100/215999,ioChem-BD collection (Bimetallic_CO2_SBQT2021),/Catalytic_cycle/ZnMg CO2,215999,yes,https://iochem-bd.bsc.es/browse/bitstream/100/215999/6/geometry.cml,CML,215999_Catalytic_cycle_ZnMg_CO2.cif,downloaded_converted,"From ioChem-BD Bimetallic_CO2_SBQT2021 collection, related to CO2 reduction."
https://iochem-bd.bsc.es/browse/handle/100/216017,ioChem-BD collection (Bimetallic_CO2_SBQT2021),/Catalytic_cycle/ZnMg Int6b_ZnMg_sp,216017,yes,https://iochem-bd.bsc.es/browse/bitstream/100/216017/6/geometry.cml,CML,216017_Catalytic_cycle_ZnMg_Int6b_ZnMg_sp.cif,downloaded_converted,"From ioChem-BD Bimetallic_CO2_SBQT2021 collection, related to CO2 reduction."
https://iochem-bd.bsc.es/browse/handle/100/216012,ioChem-BD collection (Bimetallic_CO2_SBQT2021),/Catalytic_cycle/ZnMg TS1_ZnMg,216012,yes,https://iochem-bd.bsc.es/browse/bitstream/100/216012/6/geometry.cml,CML,216012_Catalytic_cycle_ZnMg_TS1_ZnMg.cif,downloaded_converted,"From ioChem-BD Bimetallic_CO2_SBQT2021 collection, related to CO2 reduction."
https://iochem-bd.bsc.es/browse/handle/100/216005,ioChem-BD collection (Bimetallic_CO2_SBQT2021),/Catalytic_cycle/ZnMg TS3b_ZnMg_sp,216005,yes,https://iochem-bd.bsc.es/browse/bitstream/100/216005/6/geometry.cml,CML,216005_Catalytic_cycle_ZnMg_TS3b_ZnMg_sp.cif,downloaded_converted,"From ioChem-BD Bimetallic_CO2_SBQT2021 collection, related to CO2 reduction."
https://iochem-bd.bsc.es/browse/handle/100/216050,ioChem-BD collection (Bimetallic_CO2_SBQT2021),/Catalytic_cycle/MgMg TS1_MgMg_sp,216050,yes,https://iochem-bd.bsc.es/browse/bitstream/100/216050/6/geometry.cml,CML,216050_Catalytic_cycle_MgMg_TS1_MgMg_sp.cif,downloaded_converted,"From ioChem-BD Bimetallic_CO2_SBQT2021 collection, related to CO2 reduction."
https://iochem-bd.bsc.es/browse/handle/100/216014,ioChem-BD collection (Bimetallic_CO2_SBQT2021),/Catalytic_cycle/ZnMg Int8a_ZnMg,216014,yes,https://iochem-bd.bsc.es/browse/bitstream/100/216014/6/geometry.cml,CML,216014_Catalytic_cycle_ZnMg_Int8a_ZnMg.cif,downloaded_converted,"From ioChem-BD Bimetallic_CO2_SBQT2021 collection, related to CO2 reduction."
https://iochem-bd.bsc.es/browse/handle/100/215997,ioChem-BD collection (Bimetallic_CO2_SBQT2021),/Catalytic_cycle/ZnMg HOAc,215997,yes,https://iochem-bd.bsc.es/browse/bitstream/100/215997/6/geometry.cml,CML,215997_Catalytic_cycle_ZnMg_HOAc.cif,downloaded_converted,"From ioChem-BD Bimetallic_CO2_SBQT2021 collection, related to CO2 reduction."
https://iochem-bd.bsc.es/browse/handle/100/216023,ioChem-BD collection (Bimetallic_CO2_SBQT2021),/Catalytic_cycle/ZnMg Int5a_ZnMg_sp,216023,yes,https://iochem-bd.bsc.es/browse/bitstream/100/216023/6/geometry.cml,CML,216023_Catalytic_cycle_ZnMg_Int5a_ZnMg_sp.cif,downloaded_converted,"From ioChem-BD Bimetallic_CO2_SBQT2021 collection, related to CO2 reduction."
https://iochem-bd.bsc.es/browse/handle/100/215996,ioChem-BD collection (Bimetallic_CO2_SBQT2021),/Catalytic_cycle/ZnMg cis-CHC_sp,215996,yes,https://iochem-bd.bsc.es/browse/bitstream/100/215996/6/geometry.cml,CML,215996_Catalytic_cycle_ZnMg_cis-CHC_sp.cif,downloaded_converted,"From ioChem-BD Bimetallic_CO2_SBQT2021 collection, related to CO2 reduction."
https://iochem-bd.bsc.es/browse/handle/100/216029,ioChem-BD collection (Bimetallic_CO2_SBQT2021),/Catalytic_cycle/ZnMg Int2_ZnMg_sp,216029,yes,https://iochem-bd.bsc.es/browse/bitstream/100/216029/6/geometry.cml,CML,216029_Catalytic_cycle_ZnMg_Int2_ZnMg_sp.cif,downloaded_converted,"From ioChem-BD Bimetallic_CO2_SBQT2021 collection, related to CO2 reduction."
https://iochem-bd.bsc.es/browse/handle/100/216002,ioChem-BD collection (Bimetallic_CO2_SBQT2021),/Catalytic_cycle/ZnMg CHO,216002,yes,https://iochem-bd.bsc.es/browse/bitstream/100/216002/6/geometry.cml,CML,216002_Catalytic_cycle_ZnMg_CHO.cif,downloaded_converted,"From ioChem-BD Bimetallic_CO2_SBQT2021 collection, related to CO2 reduction."
https://iochem-bd.bsc.es/browse/handle/100/216054,ioChem-BD collection (Bimetallic_CO2_SBQT2021),/Catalytic_cycle/MgMg Int3_MgMg_sp,216054,yes,https://iochem-bd.bsc.es/browse/bitstream/100/216054/6/geometry.cml,CML,216054_Catalytic_cycle_MgMg_Int3_MgMg_sp.cif,downloaded_converted,"From ioChem-BD Bimetallic_CO2_SBQT2021 collection, related to CO2 reduction."
https://iochem-bd.bsc.es/browse/handle/100/216059,ioChem-BD collection (Bimetallic_CO2_SBQT2021),/Catalytic_cycle/MgMg cat_MgMg_sp,216059,yes,https://iochem-bd.bsc.es/browse/bitstream/100/216059/6/geometry.cml,CML,216059_Catalytic_cycle_MgMg_cat_MgMg_sp.cif,downloaded_converted,"From ioChem-BD Bimetallic_CO2_SBQT2021 collection, related to CO2 reduction."
https://iochem-bd.bsc.es/browse/handle/100/216056,ioChem-BD collection (Bimetallic_CO2_SBQT2021),/Catalytic_cycle/MgMg Int2_MgMg,216056,yes,https://iochem-bd.bsc.es/browse/bitstream/100/216056/6/geometry.cml,CML,216056_Catalytic_cycle_MgMg_Int2_MgMg.cif,downloaded_converted,"From ioChem-BD Bimetallic_CO2_SBQT2021 collection, related to CO2 reduction."
https://iochem-bd.bsc.es/browse/handle/100/216009,ioChem-BD collection (Bimetallic_CO2_SBQT2021),/Catalytic_cycle/ZnMg TS2_ZnMg_sp,216009,yes,https://iochem-bd.bsc.es/browse/bitstream/100/216009/6/geometry.cml,CML,216009_Catalytic_cycle_ZnMg_TS2_ZnMg_sp.cif,downloaded_converted,"From ioChem-BD Bimetallic_CO2_SBQT2021 collection, related to CO2 reduction."
https://iochem-bd.bsc.es/browse/handle/100/216051,ioChem-BD collection (Bimetallic_CO2_SBQT2021),/Catalytic_cycle/MgMg Int4_MgMg_sp,216051,yes,https://iochem-bd.bsc.es/browse/bitstream/100/216051/6/geometry.cml,CML,216051_Catalytic_cycle_MgMg_Int4_MgMg_sp.cif,downloaded_converted,"From ioChem-BD Bimetallic_CO2_SBQT2021 collection, related to CO2 reduction."
https://iochem-bd.bsc.es/browse/handle/100/216024,ioChem-BD collection (Bimetallic_CO2_SBQT2021),/Catalytic_cycle/ZnMg Int5a_ZnMg,216024,yes,https://iochem-bd.bsc.es/browse/bitstream/100/216024/6/geometry.cml,CML,216024_Catalytic_cycle_ZnMg_Int5a_ZnMg.cif,downloaded_converted,"From ioChem-BD Bimetallic_CO2_SBQT2021 collection, related to CO2 reduction."
https://iochem-bd.bsc.es/browse/handle/100/215998,ioChem-BD collection (Bimetallic_CO2_SBQT2021),/Catalytic_cycle/ZnMg HOAc_sp,215998,yes,https://iochem-bd.bsc.es/browse/bitstream/100/215998/6/geometry.cml,CML,215998_Catalytic_cycle_ZnMg_HOAc_sp.cif,downloaded_converted,"From ioChem-BD Bimetallic_CO2_SBQT2021 collection, related to CO2 reduction."
https://iochem-bd.bsc.es/browse/handle/100/216016,ioChem-BD collection (Bimetallic_CO2_SBQT2021),/Catalytic_cycle/ZnMg Int7a_ZnMg,216016,yes,https://iochem-bd.bsc.es/browse/bitstream/100/216016/6/geometry.cml,CML,216016_Catalytic_cycle_ZnMg_Int7a_ZnMg.cif,downloaded_converted,"From ioChem-BD Bimetallic_CO2_SBQT2021 collection, related to CO2 reduction."
https://iochem-bd.bsc.es/browse/handle/100/216046,ioChem-BD collection (Bimetallic_CO2_SBQT2021),/Catalytic_cycle/MgZn Int1_MgZn,216046,yes,https://iochem-bd.bsc.es/browse/bitstream/100/216046/6/geometry.cml,CML,216046_Catalytic_cycle_MgZn_Int1_MgZn.cif,downloaded_converted,"From ioChem-BD Bimetallic_CO2_SBQT2021 collection, related to CO2 reduction."
https://iochem-bd.bsc.es/browse/handle/100/216055,ioChem-BD collection (Bimetallic_CO2_SBQT2021),/Catalytic_cycle/MgMg Int2_MgMg_sp,216055,yes,https://iochem-bd.bsc.es/browse/bitstream/100/216055/6/geometry.cml,CML,216055_Catalytic_cycle_MgMg_Int2_MgMg_sp.cif,downloaded_converted,"From ioChem-BD Bimetallic_CO2_SBQT2021 collection, related to CO2 reduction."
https://iochem-bd.bsc.es/browse/handle/100/216018,ioChem-BD collection (Bimetallic_CO2_SBQT2021),/Catalytic_cycle/ZnMg Int6b_ZnMg,216018,yes,https://iochem-bd.bsc.es/browse/bitstream/100/216018/6/geometry.cml,CML,216018_Catalytic_cycle_ZnMg_Int6b_ZnMg.cif,downloaded_converted,"From ioChem-BD Bimetallic_CO2_SBQT2021 collection, related to CO2 reduction."
https://iochem-bd.bsc.es/browse/handle/100/216052,ioChem-BD collection (Bimetallic_CO2_SBQT2021),/Catalytic_cycle/MgMg Int4_MgMg,216052,yes,https://iochem-bd.bsc.es/browse/bitstream/100/216052/6/geometry.cml,CML,216052_Catalytic_cycle_MgMg_Int4_MgMg.cif,downloaded_converted,"From ioChem-BD Bimetallic_CO2_SBQT2021 collection, related to CO2 reduction."
https://iochem-bd.bsc.es/browse/handle/100/216057,ioChem-BD collection (Bimetallic_CO2_SBQT2021),/Catalytic_cycle/MgMg Int1_MgMg_sp,216057,yes,https://iochem-bd.bsc.es/browse/bitstream/100/216057/6/geometry.cml,CML,216057_Catalytic_cycle_MgMg_Int1_MgMg_sp.cif,downloaded_converted,"From ioChem-BD Bimetallic_CO2_SBQT2021 collection, related to CO2 reduction."
https://iochem-bd.bsc.es/browse/handle/100/216010,ioChem-BD collection (Bimetallic_CO2_SBQT2021),/Catalytic_cycle/ZnMg TS2_ZnMg,216010,yes,https://iochem-bd.bsc.es/browse/bitstream/100/216010/6/geometry.cml,CML,216010_Catalytic_cycle_ZnMg_TS2_ZnMg.cif,downloaded_converted,"From ioChem-BD Bimetallic_CO2_SBQT2021 collection, related to CO2 reduction."
https://iochem-bd.bsc.es/browse/handle/100/216020,ioChem-BD collection (Bimetallic_CO2_SBQT2021),/Catalytic_cycle/ZnMg Int5b_ZnMg_sp,216020,yes,https://iochem-bd.bsc.es/browse/bitstream/100/216020/6/geometry.cml,CML,216020_Catalytic_cycle_ZnMg_Int5b_ZnMg_sp.cif,downloaded_converted,"From ioChem-BD Bimetallic_CO2_SBQT2021 collection, related to CO2 reduction."
https://iochem-bd.bsc.es/browse/handle/100/215995,ioChem-BD collection (Bimetallic_CO2_SBQT2021),/Catalytic_cycle/ZnMg CO2_sp,215995,yes,https://iochem-bd.bsc.es/browse/bitstream/100/215995/6/geometry.cml,CML,215995_Catalytic_cycle_ZnMg_CO2_sp.cif,downloaded_converted,"From ioChem-BD Bimetallic_CO2_SBQT2021 collection, related to CO2 reduction."
https://iochem-bd.bsc.es/browse/handle/100/216003,ioChem-BD collection (Bimetallic_CO2_SBQT2021),/Catalytic_cycle/ZnMg poly_cyclohexene_carbonate_sp,216003,yes,https://iochem-bd.bsc.es/browse/bitstream/100/216003/6/geometry.cml,CML,216003_Catalytic_cycle_ZnMg_poly_cyclohexene_carbonate_sp.cif,downloaded_converted,"From ioChem-BD Bimetallic_CO2_SBQT2021 collection, related to CO2 reduction."
https://iochem-bd.bsc.es/browse/handle/100/216049,ioChem-BD collection (Bimetallic_CO2_SBQT2021),/Catalytic_cycle/MgMg TS1_MgMg,216049,yes,https://iochem-bd.bsc.es/browse/bitstream/100/216049/6/geometry.cml,CML,216049_Catalytic_cycle_MgMg_TS1_MgMg.cif,downloaded_converted,"From ioChem-BD Bimetallic_CO2_SBQT2021 collection, related to CO2 reduction."
https://iochem-bd.bsc.es/browse/handle/100/216047,ioChem-BD collection (Bimetallic_CO2_SBQT2021),/Catalytic_cycle/MgMg TS2_MgMg_sp,216047,yes,https://iochem-bd.bsc.es/browse/bitstream/100/216047/6/geometry.cml,CML,216047_Catalytic_cycle_MgMg_TS2_MgMg_sp.cif,downloaded_converted,"From ioChem-BD Bimetallic_CO2_SBQT2021 collection, related to CO2 reduction."
https://iochem-bd.bsc.es/browse/handle/100/216022,ioChem-BD collection (Bimetallic_CO2_SBQT2021),/Catalytic_cycle/ZnMg Int5b_ZnMg,216022,yes,https://iochem-bd.bsc.es/browse/bitstream/100/216022/6/geometry.cml,CML,216022_Catalytic_cycle_ZnMg_Int5b_ZnMg.cif,downloaded_converted,"From ioChem-BD Bimetallic_CO2_SBQT2021 collection, related to CO2 reduction."
https://iochem-bd.bsc.es/browse/handle/100/216045,ioChem-BD collection (Bimetallic_CO2_SBQT2021),/Catalytic_cycle/MgZn Int1_MgZn_sp,216045,yes,https://iochem-bd.bsc.es/browse/bitstream/100/216045/6/geometry.cml,CML,216045_Catalytic_cycle_MgZn_Int1_MgZn_sp.cif,downloaded_converted,"From ioChem-BD Bimetallic_CO2_SBQT2021 collection, related to CO2 reduction."
https://iochem-bd.bsc.es/browse/handle/100/216026,ioChem-BD collection (Bimetallic_CO2_SBQT2021),/Catalytic_cycle/ZnMg Int4_ZnMg,216026,yes,https://iochem-bd.bsc.es/browse/bitstream/100/216026/6/geometry.cml,CML,216026_Catalytic_cycle_ZnMg_Int4_ZnMg.cif,downloaded_converted,"From ioChem-BD Bimetallic_CO2_SBQT2021 collection, related to CO2 reduction."
https://iochem-bd.bsc.es/browse/handle/100/216048,ioChem-BD collection (Bimetallic_CO2_SBQT2021),/Catalytic_cycle/MgMg TS2_MgMg,216048,yes,https://iochem-bd.bsc.es/browse/bitstream/100/216048/6/geometry.cml,CML,216048_Catalytic_cycle_MgMg_TS2_MgMg.cif,downloaded_converted,"From ioChem-BD Bimetallic_CO2_SBQT2021 collection, related to CO2 reduction."
https://iochem-bd.bsc.es/browse/handle/100/216011,ioChem-BD collection (Bimetallic_CO2_SBQT2021),/Catalytic_cycle/ZnMg TS1_ZnMg_sp,216011,yes,https://iochem-bd.bsc.es/browse/bitstream/100/216011/6/geometry.cml,CML,216011_Catalytic_cycle_ZnMg_TS1_ZnMg_sp.cif,downloaded_converted,"From ioChem-BD Bimetallic_CO2_SBQT2021 collection, related to CO2 reduction."
https://iochem-bd.bsc.es/browse/handle/100/216004,ioChem-BD collection (Bimetallic_CO2_SBQT2021),/Catalytic_cycle/ZnMg poly_cyclohexene_carbonate,216004,yes,https://iochem-bd.bsc.es/browse/bitstream/100/216004/6/geometry.cml,CML,216004_Catalytic_cycle_ZnMg_poly_cyclohexene_carbonate.cif,downloaded_converted,"From ioChem-BD Bimetallic_CO2_SBQT2021 collection, related to CO2 reduction."
https://iochem-bd.bsc.es/browse/handle/100/216030,ioChem-BD collection (Bimetallic_CO2_SBQT2021),/Catalytic_cycle/ZnMg Int2_ZnMg,216030,yes,https://iochem-bd.bsc.es/browse/bitstream/100/216030/6/geometry.cml,CML,216030_Catalytic_cycle_ZnMg_Int2_ZnMg.cif,downloaded_converted,"From ioChem-BD Bimetallic_CO2_SBQT2021 collection, related to CO2 reduction."
https://iochem-bd.bsc.es/browse/handle/100/216053,ioChem-BD collection (Bimetallic_CO2_SBQT2021),/Catalytic_cycle/MgMg Int3_MgMg,216053,yes,https://iochem-bd.bsc.es/browse/bitstream/100/216053/6/geometry.cml,CML,216053_Catalytic_cycle_MgMg_Int3_MgMg.cif,downloaded_converted,"From ioChem-BD Bimetallic_CO2_SBQT2021 collection, related to CO2 reduction."
https://iochem-bd.bsc.es/browse/handle/100/216028,ioChem-BD collection (Bimetallic_CO2_SBQT2021),/Catalytic_cycle/ZnMg Int3_ZnMg,216028,yes,https://iochem-bd.bsc.es/browse/bitstream/100/216028/6/geometry.cml,CML,216028_Catalytic_cycle_ZnMg_Int3_ZnMg.cif,downloaded_converted,"From ioChem-BD Bimetallic_CO2_SBQT2021 collection, related to CO2 reduction."
https://iochem-bd.bsc.es/browse/handle/100/216027,ioChem-BD collection (Bimetallic_CO2_SBQT2021),/Catalytic_cycle/ZnMg Int3_ZnMg_sp,216027,yes,https://iochem-bd.bsc.es/browse/bitstream/100/216027/6/geometry.cml,CML,216027_Catalytic_cycle_ZnMg_Int3_ZnMg_sp.cif,downloaded_converted,"From ioChem-BD Bimetallic_CO2_SBQT2021 collection, related to CO2 reduction."
https://iochem-bd.bsc.es/browse/handle/100/216001,ioChem-BD collection (Bimetallic_CO2_SBQT2021),/Catalytic_cycle/ZnMg cis-CHC,216001,yes,https://iochem-bd.bsc.es/browse/bitstream/100/216001/6/geometry.cml,CML,216001_Catalytic_cycle_ZnMg_cis-CHC.cif,downloaded_converted,"From ioChem-BD Bimetallic_CO2_SBQT2021 collection, related to CO2 reduction."
https://iochem-bd.bsc.es/browse/handle/100/216006,ioChem-BD collection (Bimetallic_CO2_SBQT2021),/Catalytic_cycle/ZnMg TS3b_ZnMg,216006,yes,https://iochem-bd.bsc.es/browse/bitstream/100/216006/6/geometry.cml,CML,216006_Catalytic_cycle_ZnMg_TS3b_ZnMg.cif,downloaded_converted,"From ioChem-BD Bimetallic_CO2_SBQT2021 collection, related to CO2 reduction."
https://iochem-bd.bsc.es/browse/handle/100/216000,ioChem-BD collection (Bimetallic_CO2_SBQT2021),/Catalytic_cycle/ZnMg CHO_sp,216000,yes,https://iochem-bd.bsc.es/browse/bitstream/100/216000/6/geometry.cml,CML,216000_Catalytic_cycle_ZnMg_CHO_sp.cif,downloaded_converted,"From ioChem-BD Bimetallic_CO2_SBQT2021 collection, related to CO2 reduction."
https://iochem-bd.bsc.es/browse/handle/100/194371,ioChem-BD collection (CO2RR_ZnSe_QDs),/H_coverage/MEMI_Znse/Added_electron Site_9,194371,yes,https://iochem-bd.bsc.es/browse/bitstream/100/194371/6/geometry.cml,CML,194371_H_coverage_MEMI_Znse_Added_electron_Site_9.cif,downloaded_converted,"From ioChem-BD CO2RR_ZnSe_QDs collection, related to CO2 reduction."
https://iochem-bd.bsc.es/browse/handle/100/194344,ioChem-BD collection (CO2RR_ZnSe_QDs),/Molecules H2O,194344,yes,https://iochem-bd.bsc.es/browse/bitstream/100/194344/6/geometry.cml,CML,194344_Molecules_H2O.cif,downloaded_converted,"From ioChem-BD CO2RR_ZnSe_QDs collection, related to CO2 reduction."
https://iochem-bd.bsc.es/browse/handle/100/194346,ioChem-BD collection (CO2RR_ZnSe_QDs),/Molecules CO2,194346,yes,https://iochem-bd.bsc.es/browse/bitstream/100/194346/6/geometry.cml,CML,194346_Molecules_CO2.cif,downloaded_converted,"From ioChem-BD CO2RR_ZnSe_QDs collection, related to CO2 reduction."
https://iochem-bd.bsc.es/browse/handle/100/194343,ioChem-BD collection (CO2RR_ZnSe_QDs),/Molecules MEMI,194343,yes,https://iochem-bd.bsc.es/browse/bitstream/100/194343/6/geometry.cml,CML,194343_Molecules_MEMI.cif,downloaded_converted,"From ioChem-BD CO2RR_ZnSe_QDs collection, related to CO2 reduction."
https://iochem-bd.bsc.es/browse/handle/100/194381,ioChem-BD collection (CO2RR_ZnSe_QDs),/H_coverage/MEMI_Znse/Neutral Site_3,194381,yes,https://iochem-bd.bsc.es/browse/bitstream/100/194381/6/geometry.cml,CML,194381_H_coverage_MEMI_Znse_Neutral_Site_3.cif,downloaded_converted,"From ioChem-BD CO2RR_ZnSe_QDs collection, related to CO2 reduction."
https://iochem-bd.bsc.es/browse/handle/100/194378,ioChem-BD collection (CO2RR_ZnSe_QDs),/H_coverage/MEMI_Znse/Neutral Site_8,194378,yes,https://iochem-bd.bsc.es/browse/bitstream/100/194378/6/geometry.cml,CML,194378_H_coverage_MEMI_Znse_Neutral_Site_8.cif,downloaded_converted,"From ioChem-BD CO2RR_ZnSe_QDs collection, related to CO2 reduction."
https://iochem-bd.bsc.es/browse/handle/100/194372,ioChem-BD collection (CO2RR_ZnSe_QDs),/H_coverage/MEMI_Znse/Added_electron Site_8,194372,yes,https://iochem-bd.bsc.es/browse/bitstream/100/194372/6/geometry.cml,CML,194372_H_coverage_MEMI_Znse_Added_electron_Site_8.cif,downloaded_converted,"From ioChem-BD CO2RR_ZnSe_QDs collection, related to CO2 reduction."
https://iochem-bd.bsc.es/browse/handle/100/194375,ioChem-BD collection (CO2RR_ZnSe_QDs),/H_coverage/MEMI_Znse/Added_electron Site_2,194375,yes,https://iochem-bd.bsc.es/browse/bitstream/100/194375/6/geometry.cml,CML,194375_H_coverage_MEMI_Znse_Added_electron_Site_2.cif,downloaded_converted,"From ioChem-BD CO2RR_ZnSe_QDs collection, related to CO2 reduction."
https://iochem-bd.bsc.es/browse/handle/100/194345,ioChem-BD collection (CO2RR_ZnSe_QDs),/Molecules H2,194345,yes,https://iochem-bd.bsc.es/browse/bitstream/100/194345/6/geometry.cml,CML,194345_Molecules_H2.cif,downloaded_converted,"From ioChem-BD CO2RR_ZnSe_QDs collection, related to CO2 reduction."
https://iochem-bd.bsc.es/browse/handle/100/194383,ioChem-BD collection (CO2RR_ZnSe_QDs),/H_coverage/MEMI_Znse/Neutral Site_9,194383,yes,https://iochem-bd.bsc.es/browse/bitstream/100/194383/6/geometry.cml,CML,194383_H_coverage_MEMI_Znse_Neutral_Site_9.cif,downloaded_converted,"From ioChem-BD CO2RR_ZnSe_QDs collection, related to CO2 reduction."
https://iochem-bd.bsc.es/browse/handle/100/194389,ioChem-BD collection (CO2RR_ZnSe_QDs),/Intermediates CO_intermediate,194389,yes,https://iochem-bd.bsc.es/browse/bitstream/100/194389/6/geometry.cml,CML,194389_Intermediates_CO_intermediate.cif,downloaded_converted,"From ioChem-BD CO2RR_ZnSe_QDs collection, related to CO2 reduction."
https://iochem-bd.bsc.es/browse/handle/100/194347,ioChem-BD collection (CO2RR_ZnSe_QDs),/Molecules CO,194347,yes,https://iochem-bd.bsc.es/browse/bitstream/100/194347/6/geometry.cml,CML,194347_Molecules_CO.cif,downloaded_converted,"From ioChem-BD CO2RR_ZnSe_QDs collection, related to CO2 reduction."
https://iochem-bd.bsc.es/browse/handle/100/194342,ioChem-BD collection (CO2RR_ZnSe_QDs),ZnSe_bulk,194342,yes,https://iochem-bd.bsc.es/browse/bitstream/100/194342/6/geometry.cml,CML,194342_ZnSe_bulk.cif,downloaded_converted,"From ioChem-BD CO2RR_ZnSe_QDs collection, related to CO2 reduction."
https://iochem-bd.bsc.es/browse/handle/100/194348,ioChem-BD collection (CO2RR_ZnSe_QDs),/MEMI_coverage 50pc_coverage,194348,yes,https://iochem-bd.bsc.es/browse/bitstream/100/194348/6/geometry.cml,CML,194348_MEMI_coverage_50pc_coverage.cif,downloaded_converted,"From ioChem-BD CO2RR_ZnSe_QDs collection, related to CO2 reduction."
https://iochem-bd.bsc.es/browse/handle/100/194390,ioChem-BD collection (CO2RR_ZnSe_QDs),/Intermediates COOH_intermediate,194390,yes,https://iochem-bd.bsc.es/browse/bitstream/100/194390/6/geometry.cml,CML,194390_Intermediates_COOH_intermediate.cif,downloaded_converted,"From ioChem-BD CO2RR_ZnSe_QDs collection, related to CO2 reduction."
https://iochem-bd.bsc.es/browse/handle/100/194351,ioChem-BD collection (CO2RR_ZnSe_QDs),/MEMI_coverage 100pc_coverage,194351,yes,https://iochem-bd.bsc.es/browse/bitstream/100/194351/6/geometry.cml,CML,194351_MEMI_coverage_100pc_coverage.cif,downloaded_converted,"From ioChem-BD CO2RR_ZnSe_QDs collection, related to CO2 reduction."
https://iochem-bd.bsc.es/browse/handle/100/332022,ioChem-BD collection (phthalocyanines_CO2),/No_solvation/Mg(pc)-CO2__assembly Mg(pc)-CO2_aug-cc-pVDZ_basis_set_for_optimization_of_S1_excited_,332022,yes,https://iochem-bd.bsc.es/browse/bitstream/100/332022/6/geometry.cml,CML,332022_No_solvation_Mg_pc_-CO2__assembly_Mg_pc_-CO2_aug-cc-pVDZ_bas.cif,downloaded_converted,"From ioChem-BD phthalocyanines_CO2 collection, related to CO2 reduction."
https://iochem-bd.bsc.es/browse/handle/100/332035,ioChem-BD collection (phthalocyanines_CO2),/No_solvation/Ni(pc)-CO2__assembly CO2_unrelaxed_fragment,332035,yes,https://iochem-bd.bsc.es/browse/bitstream/100/332035/6/geometry.cml,CML,332035_No_solvation_Ni_pc_-CO2__assembly_CO2_unrelaxed_fragment.cif,downloaded_converted,"From ioChem-BD phthalocyanines_CO2 collection, related to CO2 reduction."
https://iochem-bd.bsc.es/browse/handle/100/332028,ioChem-BD collection (phthalocyanines_CO2),/No_solvation/Mg(pc)-CO2__assembly Mg(pc)-CO2,332028,yes,https://iochem-bd.bsc.es/browse/bitstream/100/332028/6/geometry.cml,CML,332028_No_solvation_Mg_pc_-CO2__assembly_Mg_pc_-CO2.cif,downloaded_converted,"From ioChem-BD phthalocyanines_CO2 collection, related to CO2 reduction."
https://iochem-bd.bsc.es/browse/handle/100/332051,ioChem-BD collection (phthalocyanines_CO2),/Acetonitrile_solvation_model/Zn(pc)-CO2__assembly_in_MeCN Zn(pc)_unrelaxed_fragment,332051,yes,https://iochem-bd.bsc.es/browse/bitstream/100/332051/6/geometry.cml,CML,332051_Acetonitrile_solvation_model_Zn_pc_-CO2__assembly_in_MeCN_Zn.cif,downloaded_converted,"From ioChem-BD phthalocyanines_CO2 collection, related to CO2 reduction."
https://iochem-bd.bsc.es/browse/handle/100/332017,ioChem-BD collection (phthalocyanines_CO2),/No_solvation/Zn(pc)-CO2_assembly Zn(pc)_unrelaxed_fragment,332017,yes,https://iochem-bd.bsc.es/browse/bitstream/100/332017/6/geometry.cml,CML,332017_No_solvation_Zn_pc_-CO2_assembly_Zn_pc__unrelaxed_fragment.cif,downloaded_converted,"From ioChem-BD phthalocyanines_CO2 collection, related to CO2 reduction."
https://iochem-bd.bsc.es/browse/handle/100/332056,ioChem-BD collection (phthalocyanines_CO2),/Acetonitrile_solvation_model/Al(pc)Cl-CO2__assembly_in_MeCN CO2_unrelaxed_fragment,332056,yes,https://iochem-bd.bsc.es/browse/bitstream/100/332056/6/geometry.cml,CML,332056_Acetonitrile_solvation_model_Al_pc_Cl-CO2__assembly_in_MeCN_.cif,downloaded_converted,"From ioChem-BD phthalocyanines_CO2 collection, related to CO2 reduction."
https://iochem-bd.bsc.es/browse/handle/100/332031,ioChem-BD collection (phthalocyanines_CO2),/No_solvation/Cu(pc)-CO2__assembly Cu(pc)-CO2,332031,yes,https://iochem-bd.bsc.es/browse/bitstream/100/332031/6/geometry.cml,CML,332031_No_solvation_Cu_pc_-CO2__assembly_Cu_pc_-CO2.cif,downloaded_converted,"From ioChem-BD phthalocyanines_CO2 collection, related to CO2 reduction."
https://iochem-bd.bsc.es/browse/handle/100/332047,ioChem-BD collection (phthalocyanines_CO2),/Triethylamine_solvation_model/Al(pc)Cl-CO2__assembly_in_triethylamine CO2_unrelaxed_fragment,332047,yes,https://iochem-bd.bsc.es/browse/bitstream/100/332047/6/geometry.cml,CML,332047_Triethylamine_solvation_model_Al_pc_Cl-CO2__assembly_in_trie.cif,downloaded_converted,"From ioChem-BD phthalocyanines_CO2 collection, related to CO2 reduction."
https://iochem-bd.bsc.es/browse/handle/100/332021,ioChem-BD collection (phthalocyanines_CO2),/No_solvation/Ti(pc)O-CO2_assembly Ti(pc)O-CO2,332021,yes,https://iochem-bd.bsc.es/browse/bitstream/100/332021/6/geometry.cml,CML,332021_No_solvation_Ti_pc_O-CO2_assembly_Ti_pc_O-CO2.cif,downloaded_converted,"From ioChem-BD phthalocyanines_CO2 collection, related to CO2 reduction."
https://iochem-bd.bsc.es/browse/handle/100/332057,ioChem-BD collection (phthalocyanines_CO2),/Acetonitrile_solvation_model/Al(pc)Cl-CO2__assembly_in_MeCN Al(pc)Cl_unrelaxed_fragment,332057,yes,https://iochem-bd.bsc.es/browse/bitstream/100/332057/6/geometry.cml,CML,332057_Acetonitrile_solvation_model_Al_pc_Cl-CO2__assembly_in_MeCN_.cif,downloaded_converted,"From ioChem-BD phthalocyanines_CO2 collection, related to CO2 reduction."
https://iochem-bd.bsc.es/browse/handle/100/332033,ioChem-BD collection (phthalocyanines_CO2),/No_solvation/Cr(pc)Cl-CO2__assembly Cr(pc)Cl_unrelaxed_fragment,332033,yes,https://iochem-bd.bsc.es/browse/bitstream/100/332033/6/geometry.cml,CML,332033_No_solvation_Cr_pc_Cl-CO2__assembly_Cr_pc_Cl_unrelaxed_fragm.cif,downloaded_converted,"From ioChem-BD phthalocyanines_CO2 collection, related to CO2 reduction."
https://iochem-bd.bsc.es/browse/handle/100/332054,ioChem-BD collection (phthalocyanines_CO2),/Acetonitrile_solvation_model/Mg(pc)-CO2__assembly_in_MeCN Mg(pc)_unrelaxed_fragment,332054,yes,https://iochem-bd.bsc.es/browse/bitstream/100/332054/6/geometry.cml,CML,332054_Acetonitrile_solvation_model_Mg_pc_-CO2__assembly_in_MeCN_Mg.cif,downloaded_converted,"From ioChem-BD phthalocyanines_CO2 collection, related to CO2 reduction."
https://iochem-bd.bsc.es/browse/handle/100/332025,ioChem-BD collection (phthalocyanines_CO2),/No_solvation/Mg(pc)-CO2__assembly Mg(pc)-CO2_frequencies,332025,yes,https://iochem-bd.bsc.es/browse/bitstream/100/332025/6/geometry.cml,CML,332025_No_solvation_Mg_pc_-CO2__assembly_Mg_pc_-CO2_frequencies.cif,downloaded_converted,"From ioChem-BD phthalocyanines_CO2 collection, related to CO2 reduction."
https://iochem-bd.bsc.es/browse/handle/100/332027,ioChem-BD collection (phthalocyanines_CO2),/No_solvation/Mg(pc)-CO2__assembly Mg(pc)_unrelaxed_fragment,332027,yes,https://iochem-bd.bsc.es/browse/bitstream/100/332027/6/geometry.cml,CML,332027_No_solvation_Mg_pc_-CO2__assembly_Mg_pc__unrelaxed_fragment.cif,downloaded_converted,"From ioChem-BD phthalocyanines_CO2 collection, related to CO2 reduction."
https://iochem-bd.bsc.es/browse/handle/100/332023,ioChem-BD collection (phthalocyanines_CO2),/No_solvation/Mg(pc)-CO2__assembly Mg(pc)-CO2_aug-cc-pVDZ_basis_set_TDDFT,332023,yes,https://iochem-bd.bsc.es/browse/bitstream/100/332023/6/geometry.cml,CML,332023_No_solvation_Mg_pc_-CO2__assembly_Mg_pc_-CO2_aug-cc-pVDZ_bas.cif,downloaded_converted,"From ioChem-BD phthalocyanines_CO2 collection, related to CO2 reduction."
https://iochem-bd.bsc.es/browse/handle/100/332053,ioChem-BD collection (phthalocyanines_CO2),/Acetonitrile_solvation_model/Mg(pc)-CO2__assembly_in_MeCN CO2_unrelaxed_fragment,332053,yes,https://iochem-bd.bsc.es/browse/bitstream/100/332053/6/geometry.cml,CML,332053_Acetonitrile_solvation_model_Mg_pc_-CO2__assembly_in_MeCN_CO.cif,downloaded_converted,"From ioChem-BD phthalocyanines_CO2 collection, related to CO2 reduction."
https://iochem-bd.bsc.es/browse/handle/100/332058,ioChem-BD collection (phthalocyanines_CO2),/Acetonitrile_solvation_model/Al(pc)Cl-CO2__assembly_in_MeCN Al(pc)Cl-CO2,332058,yes,https://iochem-bd.bsc.es/browse/bitstream/100/332058/6/geometry.cml,CML,332058_Acetonitrile_solvation_model_Al_pc_Cl-CO2__assembly_in_MeCN_.cif,downloaded_converted,"From ioChem-BD phthalocyanines_CO2 collection, related to CO2 reduction."
https://iochem-bd.bsc.es/browse/handle/100/332024,ioChem-BD collection (phthalocyanines_CO2),/No_solvation/Mg(pc)-CO2__assembly Mg(pc)-CO2_aug-cc-pVDZ_basis_set_for_optimization,332024,yes,https://iochem-bd.bsc.es/browse/bitstream/100/332024/6/geometry.cml,CML,332024_No_solvation_Mg_pc_-CO2__assembly_Mg_pc_-CO2_aug-cc-pVDZ_bas.cif,downloaded_converted,"From ioChem-BD phthalocyanines_CO2 collection, related to CO2 reduction."
https://iochem-bd.bsc.es/browse/handle/100/332043,ioChem-BD collection (phthalocyanines_CO2),/Triethylamine_solvation_model/Mg(pc)-CO2__assembly_in_triethylamine Mg(pc)-CO2,332043,yes,https://iochem-bd.bsc.es/browse/bitstream/100/332043/6/geometry.cml,CML,332043_Triethylamine_solvation_model_Mg_pc_-CO2__assembly_in_trieth.cif,downloaded_converted,"From ioChem-BD phthalocyanines_CO2 collection, related to CO2 reduction."
https://iochem-bd.bsc.es/browse/handle/100/332020,ioChem-BD collection (phthalocyanines_CO2),/No_solvation/Ti(pc)O-CO2_assembly Ti(pc)O_unrelaxed_fragment,332020,yes,https://iochem-bd.bsc.es/browse/bitstream/100/332020/6/geometry.cml,CML,332020_No_solvation_Ti_pc_O-CO2_assembly_Ti_pc_O_unrelaxed_fragment.cif,downloaded_converted,"From ioChem-BD phthalocyanines_CO2 collection, related to CO2 reduction."
https://iochem-bd.bsc.es/browse/handle/100/332016,ioChem-BD collection (phthalocyanines_CO2),/No_solvation/Zn(pc)-CO2_assembly CO2_unrelaxed_fragment,332016,yes,https://iochem-bd.bsc.es/browse/bitstream/100/332016/6/geometry.cml,CML,332016_No_solvation_Zn_pc_-CO2_assembly_CO2_unrelaxed_fragment.cif,downloaded_converted,"From ioChem-BD phthalocyanines_CO2 collection, related to CO2 reduction."
https://iochem-bd.bsc.es/browse/handle/100/332050,ioChem-BD collection (phthalocyanines_CO2),/Acetonitrile_solvation_model/Zn(pc)-CO2__assembly_in_MeCN CO2_unrelaxed_fragment,332050,yes,https://iochem-bd.bsc.es/browse/bitstream/100/332050/6/geometry.cml,CML,332050_Acetonitrile_solvation_model_Zn_pc_-CO2__assembly_in_MeCN_CO.cif,downloaded_converted,"From ioChem-BD phthalocyanines_CO2 collection, related to CO2 reduction."
https://iochem-bd.bsc.es/browse/handle/100/332040,ioChem-BD collection (phthalocyanines_CO2),/No_solvation/Al(pc)Cl-CO2__assembly Al(pc)Cl-CO2,332040,yes,https://iochem-bd.bsc.es/browse/bitstream/100/332040/6/geometry.cml,CML,332040_No_solvation_Al_pc_Cl-CO2__assembly_Al_pc_Cl-CO2.cif,downloaded_converted,"From ioChem-BD phthalocyanines_CO2 collection, related to CO2 reduction."
https://iochem-bd.bsc.es/browse/handle/100/332038,ioChem-BD collection (phthalocyanines_CO2),/No_solvation/Al(pc)Cl-CO2__assembly CO2_unrelaxed_fragment,332038,yes,https://iochem-bd.bsc.es/browse/bitstream/100/332038/6/geometry.cml,CML,332038_No_solvation_Al_pc_Cl-CO2__assembly_CO2_unrelaxed_fragment.cif,downloaded_converted,"From ioChem-BD phthalocyanines_CO2 collection, related to CO2 reduction."
https://iochem-bd.bsc.es/browse/handle/100/332041,ioChem-BD collection (phthalocyanines_CO2),/Triethylamine_solvation_model/Mg(pc)-CO2__assembly_in_triethylamine CO2_unrelaxed_fragment,332041,yes,https://iochem-bd.bsc.es/browse/bitstream/100/332041/6/geometry.cml,CML,332041_Triethylamine_solvation_model_Mg_pc_-CO2__assembly_in_trieth.cif,downloaded_converted,"From ioChem-BD phthalocyanines_CO2 collection, related to CO2 reduction."
https://iochem-bd.bsc.es/browse/handle/100/332052,ioChem-BD collection (phthalocyanines_CO2),/Acetonitrile_solvation_model/Zn(pc)-CO2__assembly_in_MeCN Zn(pc)-CO2,332052,yes,https://iochem-bd.bsc.es/browse/bitstream/100/332052/6/geometry.cml,CML,332052_Acetonitrile_solvation_model_Zn_pc_-CO2__assembly_in_MeCN_Zn.cif,downloaded_converted,"From ioChem-BD phthalocyanines_CO2 collection, related to CO2 reduction."
https://iochem-bd.bsc.es/browse/handle/100/332048,ioChem-BD collection (phthalocyanines_CO2),/Triethylamine_solvation_model/Al(pc)Cl-CO2__assembly_in_triethylamine Al(pc)Cl_unrelaxed_fragment,332048,yes,https://iochem-bd.bsc.es/browse/bitstream/100/332048/6/geometry.cml,CML,332048_Triethylamine_solvation_model_Al_pc_Cl-CO2__assembly_in_trie.cif,downloaded_converted,"From ioChem-BD phthalocyanines_CO2 collection, related to CO2 reduction."
https://iochem-bd.bsc.es/browse/handle/100/332036,ioChem-BD collection (phthalocyanines_CO2),/No_solvation/Ni(pc)-CO2__assembly Ni(pc)_unrelaxed_fragment,332036,yes,https://iochem-bd.bsc.es/browse/bitstream/100/332036/6/geometry.cml,CML,332036_No_solvation_Ni_pc_-CO2__assembly_Ni_pc__unrelaxed_fragment.cif,downloaded_converted,"From ioChem-BD phthalocyanines_CO2 collection, related to CO2 reduction."
https://iochem-bd.bsc.es/browse/handle/100/332046,ioChem-BD collection (phthalocyanines_CO2),/Triethylamine_solvation_model/Zn(pc)-CO2__assembly_in_triethylamine Zn(pc)-CO2,332046,yes,https://iochem-bd.bsc.es/browse/bitstream/100/332046/6/geometry.cml,CML,332046_Triethylamine_solvation_model_Zn_pc_-CO2__assembly_in_trieth.cif,downloaded_converted,"From ioChem-BD phthalocyanines_CO2 collection, related to CO2 reduction."
https://iochem-bd.bsc.es/browse/handle/100/332045,ioChem-BD collection (phthalocyanines_CO2),/Triethylamine_solvation_model/Zn(pc)-CO2__assembly_in_triethylamine Zn(pc)_unrelaxed_fragment,332045,yes,https://iochem-bd.bsc.es/browse/bitstream/100/332045/6/geometry.cml,CML,332045_Triethylamine_solvation_model_Zn_pc_-CO2__assembly_in_trieth.cif,downloaded_converted,"From ioChem-BD phthalocyanines_CO2 collection, related to CO2 reduction."
https://iochem-bd.bsc.es/browse/handle/100/332039,ioChem-BD collection (phthalocyanines_CO2),/No_solvation/Al(pc)Cl-CO2__assembly Al(pc)Cl_unrelaxed_fragment,332039,yes,https://iochem-bd.bsc.es/browse/bitstream/100/332039/6/geometry.cml,CML,332039_No_solvation_Al_pc_Cl-CO2__assembly_Al_pc_Cl_unrelaxed_fragm.cif,downloaded_converted,"From ioChem-BD phthalocyanines_CO2 collection, related to CO2 reduction."
https://iochem-bd.bsc.es/browse/handle/100/332037,ioChem-BD collection (phthalocyanines_CO2),/No_solvation/Ni(pc)-CO2__assembly Ni(pc)-CO2,332037,yes,https://iochem-bd.bsc.es/browse/bitstream/100/332037/6/geometry.cml,CML,332037_No_solvation_Ni_pc_-CO2__assembly_Ni_pc_-CO2.cif,downloaded_converted,"From ioChem-BD phthalocyanines_CO2 collection, related to CO2 reduction."
https://iochem-bd.bsc.es/browse/handle/100/332042,ioChem-BD collection (phthalocyanines_CO2),/Triethylamine_solvation_model/Mg(pc)-CO2__assembly_in_triethylamine Mg(pc)_unrelaxed_fragment,332042,yes,https://iochem-bd.bsc.es/browse/bitstream/100/332042/6/geometry.cml,CML,332042_Triethylamine_solvation_model_Mg_pc_-CO2__assembly_in_trieth.cif,downloaded_converted,"From ioChem-BD phthalocyanines_CO2 collection, related to CO2 reduction."
https://iochem-bd.bsc.es/browse/handle/100/332044,ioChem-BD collection (phthalocyanines_CO2),/Triethylamine_solvation_model/Zn(pc)-CO2__assembly_in_triethylamine CO2_unrelaxed_fragment,332044,yes,https://iochem-bd.bsc.es/browse/bitstream/100/332044/6/geometry.cml,CML,332044_Triethylamine_solvation_model_Zn_pc_-CO2__assembly_in_trieth.cif,downloaded_converted,"From ioChem-BD phthalocyanines_CO2 collection, related to CO2 reduction."
https://iochem-bd.bsc.es/browse/handle/100/332019,ioChem-BD collection (phthalocyanines_CO2),/No_solvation/Ti(pc)O-CO2_assembly CO2_unrelaxed_fragment,332019,yes,https://iochem-bd.bsc.es/browse/bitstream/100/332019/6/geometry.cml,CML,332019_No_solvation_Ti_pc_O-CO2_assembly_CO2_unrelaxed_fragment.cif,downloaded_converted,"From ioChem-BD phthalocyanines_CO2 collection, related to CO2 reduction."
https://iochem-bd.bsc.es/browse/handle/100/332026,ioChem-BD collection (phthalocyanines_CO2),/No_solvation/Mg(pc)-CO2__assembly CO2_unrelaxed_fragment,332026,yes,https://iochem-bd.bsc.es/browse/bitstream/100/332026/6/geometry.cml,CML,332026_No_solvation_Mg_pc_-CO2__assembly_CO2_unrelaxed_fragment.cif,downloaded_converted,"From ioChem-BD phthalocyanines_CO2 collection, related to CO2 reduction."
https://iochem-bd.bsc.es/browse/handle/100/332049,ioChem-BD collection (phthalocyanines_CO2),/Triethylamine_solvation_model/Al(pc)Cl-CO2__assembly_in_triethylamine Al(pc)Cl-CO2,332049,yes,https://iochem-bd.bsc.es/browse/bitstream/100/332049/6/geometry.cml,CML,332049_Triethylamine_solvation_model_Al_pc_Cl-CO2__assembly_in_trie.cif,downloaded_converted,"From ioChem-BD phthalocyanines_CO2 collection, related to CO2 reduction."
https://iochem-bd.bsc.es/browse/handle/100/332018,ioChem-BD collection (phthalocyanines_CO2),/No_solvation/Zn(pc)-CO2_assembly Zn(pc)-CO2,332018,yes,https://iochem-bd.bsc.es/browse/bitstream/100/332018/6/geometry.cml,CML,332018_No_solvation_Zn_pc_-CO2_assembly_Zn_pc_-CO2.cif,downloaded_converted,"From ioChem-BD phthalocyanines_CO2 collection, related to CO2 reduction."
https://iochem-bd.bsc.es/browse/handle/100/332055,ioChem-BD collection (phthalocyanines_CO2),/Acetonitrile_solvation_model/Mg(pc)-CO2__assembly_in_MeCN Mg(pc)-CO2,332055,yes,https://iochem-bd.bsc.es/browse/bitstream/100/332055/6/geometry.cml,CML,332055_Acetonitrile_solvation_model_Mg_pc_-CO2__assembly_in_MeCN_Mg.cif,downloaded_converted,"From ioChem-BD phthalocyanines_CO2 collection, related to CO2 reduction."
https://iochem-bd.bsc.es/browse/handle/100/332032,ioChem-BD collection (phthalocyanines_CO2),/No_solvation/Cr(pc)Cl-CO2__assembly CO2_unrelaxed_fragment,332032,yes,https://iochem-bd.bsc.es/browse/bitstream/100/332032/6/geometry.cml,CML,332032_No_solvation_Cr_pc_Cl-CO2__assembly_CO2_unrelaxed_fragment.cif,downloaded_converted,"From ioChem-BD phthalocyanines_CO2 collection, related to CO2 reduction."
https://iochem-bd.bsc.es/browse/handle/100/332030,ioChem-BD collection (phthalocyanines_CO2),/No_solvation/Cu(pc)-CO2__assembly Cu(pc)_unrelaxed_fragment,332030,yes,https://iochem-bd.bsc.es/browse/bitstream/100/332030/6/geometry.cml,CML,332030_No_solvation_Cu_pc_-CO2__assembly_Cu_pc__unrelaxed_fragment.cif,downloaded_converted,"From ioChem-BD phthalocyanines_CO2 collection, related to CO2 reduction."
https://iochem-bd.bsc.es/browse/handle/100/332034,ioChem-BD collection (phthalocyanines_CO2),/No_solvation/Cr(pc)Cl-CO2__assembly Cr(pc)Cl-CO2,332034,yes,https://iochem-bd.bsc.es/browse/bitstream/100/332034/6/geometry.cml,CML,332034_No_solvation_Cr_pc_Cl-CO2__assembly_Cr_pc_Cl-CO2.cif,downloaded_converted,"From ioChem-BD phthalocyanines_CO2 collection, related to CO2 reduction."
https://iochem-bd.bsc.es/browse/handle/100/332029,ioChem-BD collection (phthalocyanines_CO2),/No_solvation/Cu(pc)-CO2__assembly CO2_unrelaxed_fragment,332029,yes,https://iochem-bd.bsc.es/browse/bitstream/100/332029/6/geometry.cml,CML,332029_No_solvation_Cu_pc_-CO2__assembly_CO2_unrelaxed_fragment.cif,downloaded_converted,"From ioChem-BD phthalocyanines_CO2 collection, related to CO2 reduction."
https://iochem-bd.bsc.es/browse/handle/100/312056,ioChem-BD collection (Ni_Keggin_CO2),TEOA,312056,yes,https://iochem-bd.bsc.es/browse/bitstream/100/312056/6/geometry.cml,CML,312056_TEOA.cif,downloaded_converted,"From ioChem-BD Ni_Keggin_CO2 collection, related to CO2 reduction."
https://iochem-bd.bsc.es/browse/handle/100/312053,ioChem-BD collection (Ni_Keggin_CO2),RuIIIbpy3,312053,yes,https://iochem-bd.bsc.es/browse/bitstream/100/312053/6/geometry.cml,CML,312053_RuIIIbpy3.cif,downloaded_converted,"From ioChem-BD Ni_Keggin_CO2 collection, related to CO2 reduction."
https://iochem-bd.bsc.es/browse/handle/100/312054,ioChem-BD collection (Ni_Keggin_CO2),RuIIbpy3,312054,yes,https://iochem-bd.bsc.es/browse/bitstream/100/312054/6/geometry.cml,CML,312054_RuIIbpy3.cif,downloaded_converted,"From ioChem-BD Ni_Keggin_CO2 collection, related to CO2 reduction."
https://iochem-bd.bsc.es/browse/handle/100/312057,ioChem-BD collection (Ni_Keggin_CO2),HTEOA,312057,yes,https://iochem-bd.bsc.es/browse/bitstream/100/312057/6/geometry.cml,CML,312057_HTEOA.cif,downloaded_converted,"From ioChem-BD Ni_Keggin_CO2 collection, related to CO2 reduction."
https://iochem-bd.bsc.es/browse/handle/100/312052,ioChem-BD collection (Ni_Keggin_CO2),RuIIbpy3_e,312052,yes,https://iochem-bd.bsc.es/browse/bitstream/100/312052/6/geometry.cml,CML,312052_RuIIbpy3_e.cif,downloaded_converted,"From ioChem-BD Ni_Keggin_CO2 collection, related to CO2 reduction."
https://iochem-bd.bsc.es/browse/handle/100/312055,ioChem-BD collection (Ni_Keggin_CO2),RuIIIbpy3_e,312055,yes,https://iochem-bd.bsc.es/browse/bitstream/100/312055/6/geometry.cml,CML,312055_RuIIIbpy3_e.cif,downloaded_converted,"From ioChem-BD Ni_Keggin_CO2 collection, related to CO2 reduction."
https://iochem-bd.bsc.es/browse/handle/100/320151,ioChem-BD collection (Ni_carbonylation_CO2),DIPEA,320151,yes,https://iochem-bd.bsc.es/browse/bitstream/100/320151/6/geometry.cml,CML,320151_DIPEA.cif,downloaded_converted,"From ioChem-BD Ni_carbonylation_CO2 collection, related to CO2 reduction."
https://iochem-bd.bsc.es/browse/handle/100/320158,ioChem-BD collection (Ni_carbonylation_CO2),Iprime,320158,yes,https://iochem-bd.bsc.es/browse/bitstream/100/320158/6/geometry.cml,CML,320158_Iprime.cif,downloaded_converted,"From ioChem-BD Ni_carbonylation_CO2 collection, related to CO2 reduction."
https://iochem-bd.bsc.es/browse/handle/100/320159,ioChem-BD collection (Ni_carbonylation_CO2),IV,320159,yes,https://iochem-bd.bsc.es/browse/bitstream/100/320159/6/geometry.cml,CML,320159_IV.cif,downloaded_converted,"From ioChem-BD Ni_carbonylation_CO2 collection, related to CO2 reduction."
https://iochem-bd.bsc.es/browse/handle/100/320150,ioChem-BD collection (Ni_carbonylation_CO2),DIPEAH,320150,yes,https://iochem-bd.bsc.es/browse/bitstream/100/320150/6/geometry.cml,CML,320150_DIPEAH.cif,downloaded_converted,"From ioChem-BD Ni_carbonylation_CO2 collection, related to CO2 reduction."
https://iochem-bd.bsc.es/browse/handle/100/320161,ioChem-BD collection (Ni_carbonylation_CO2),I,320161,yes,https://iochem-bd.bsc.es/browse/bitstream/100/320161/6/geometry.cml,CML,320161_I.cif,downloaded_converted,"From ioChem-BD Ni_carbonylation_CO2 collection, related to CO2 reduction."
https://iochem-bd.bsc.es/browse/handle/100/320156,ioChem-BD collection (Ni_carbonylation_CO2),II,320156,yes,https://iochem-bd.bsc.es/browse/bitstream/100/320156/6/geometry.cml,CML,320156_II.cif,downloaded_converted,"From ioChem-BD Ni_carbonylation_CO2 collection, related to CO2 reduction."
https://iochem-bd.bsc.es/browse/handle/100/320152,ioChem-BD collection (Ni_carbonylation_CO2),1a,320152,yes,https://iochem-bd.bsc.es/browse/bitstream/100/320152/6/geometry.cml,CML,320152_1a.cif,downloaded_converted,"From ioChem-BD Ni_carbonylation_CO2 collection, related to CO2 reduction."
https://iochem-bd.bsc.es/browse/handle/100/320164,ioChem-BD collection (Ni_carbonylation_CO2),1a-,320164,yes,https://iochem-bd.bsc.es/browse/bitstream/100/320164/6/geometry.cml,CML,320164_1a-.cif,downloaded_converted,"From ioChem-BD Ni_carbonylation_CO2 collection, related to CO2 reduction."
https://iochem-bd.bsc.es/browse/handle/100/320163,ioChem-BD collection (Ni_carbonylation_CO2),CO2,320163,yes,https://iochem-bd.bsc.es/browse/bitstream/100/320163/6/geometry.cml,CML,320163_CO2.cif,downloaded_converted,"From ioChem-BD Ni_carbonylation_CO2 collection, related to CO2 reduction."
https://iochem-bd.bsc.es/browse/handle/100/320162,ioChem-BD collection (Ni_carbonylation_CO2),CO2-AlCl3,320162,yes,https://iochem-bd.bsc.es/browse/bitstream/100/320162/6/geometry.cml,CML,320162_CO2-AlCl3.cif,downloaded_converted,"From ioChem-BD Ni_carbonylation_CO2 collection, related to CO2 reduction."
