filename,total_score,metal_score,d_band_score,undercoord_fraction,size_score,active_metal_fraction,alloy_metal_fraction,metal_atom_fraction,mean_metal_en
216005_Catalytic_cycle_ZnMg_TS3b_ZnMg_sp.cif,0.6468,0.4,0.6062,1.0,0.9544,0.5,0.0,0.0227,1.48
216009_Catalytic_cycle_ZnMg_TS2_ZnMg_sp.cif,0.6408,0.4,0.584,1.0,0.9544,0.5,0.0,0.0227,1.48
216011_Catalytic_cycle_ZnMg_TS1_ZnMg_sp.cif,0.6476,0.4,0.6062,1.0,0.9597,0.5,0.0,0.0235,1.48
216013_Catalytic_cycle_ZnMg_Int8a_ZnMg_sp.cif,0.6458,0.4,0.6284,1.0,0.9072,0.5,0.0,0.0177,1.48
216015_Catalytic_cycle_ZnMg_Int7a_ZnMg_sp.cif,0.6398,0.4,0.6062,1.0,0.9072,0.5,0.0,0.0177,1.48
216017_Catalytic_cycle_ZnMg_Int6b_ZnMg_sp.cif,0.6468,0.4,0.6062,1.0,0.9544,0.5,0.0,0.0227,1.48
216020_Catalytic_cycle_ZnMg_Int5b_ZnMg_sp.cif,0.6588,0.4,0.6507,1.0,0.9544,0.5,0.0,0.0227,1.48
216023_Catalytic_cycle_ZnMg_Int5a_ZnMg_sp.cif,0.6481,0.4,0.6284,1.0,0.9226,0.5,0.0,0.019,1.48
216026_Catalytic_cycle_ZnMg_Int4_ZnMg.cif,0.6408,0.4,0.584,1.0,0.9544,0.5,0.0,0.0227,1.48
216027_Catalytic_cycle_ZnMg_Int3_ZnMg_sp.cif,0.6408,0.4,0.584,1.0,0.9544,0.5,0.0,0.0227,1.48
216029_Catalytic_cycle_ZnMg_Int2_ZnMg_sp.cif,0.6476,0.4,0.6062,1.0,0.9597,0.5,0.0,0.0235,1.48
216045_Catalytic_cycle_MgZn_Int1_MgZn_sp.cif,0.6476,0.4,0.6062,1.0,0.9597,0.5,0.0,0.0235,1.48
216047_Catalytic_cycle_MgMg_TS2_MgMg_sp.cif,0.4441,0.0,0.448,1.0,0.9544,0.0,0.0,0.0227,1.31
216049_Catalytic_cycle_MgMg_TS1_MgMg.cif,0.4569,0.0,0.4924,1.0,0.9597,0.0,0.0,0.0235,1.31
216051_Catalytic_cycle_MgMg_Int4_MgMg_sp.cif,0.4441,0.0,0.448,1.0,0.9544,0.0,0.0,0.0227,1.31
216053_Catalytic_cycle_MgMg_Int3_MgMg.cif,0.4501,0.0,0.4702,1.0,0.9544,0.0,0.0,0.0227,1.31
216055_Catalytic_cycle_MgMg_Int2_MgMg_sp.cif,0.4509,0.0,0.4702,1.0,0.9597,0.0,0.0,0.0235,1.31
216057_Catalytic_cycle_MgMg_Int1_MgMg_sp.cif,0.4509,0.0,0.4702,1.0,0.9597,0.0,0.0,0.0235,1.31
216059_Catalytic_cycle_MgMg_cat_MgMg_sp.cif,0.4489,0.0,0.448,1.0,0.9864,0.0,0.0,0.0294,1.31
312052_RuIIbpy3_e.cif,0.6359,0.2,0.84,1.0,0.9943,0.0,1.0,0.0164,2.2
312053_RuIIIbpy3.cif,0.6359,0.2,0.84,1.0,0.9943,0.0,1.0,0.0164,2.2
312054_RuIIbpy3.cif,0.6359,0.2,0.84,1.0,0.9943,0.0,1.0,0.0164,2.2
312055_RuIIIbpy3_e.cif,0.6359,0.2,0.84,1.0,0.9943,0.0,1.0,0.0164,2.2
320156_II.cif,0.4879,0.0,0.5991,1.0,0.9746,0.0,0.0,0.0303,1.61
320158_Iprime.cif,0.558,0.1,0.6969,1.0,0.9987,0.0,0.5,0.0364,1.76
320159_IV.cif,0.6246,0.2,0.7947,1.0,1.0,0.0,1.0,0.0196,1.91
320161_I.cif,0.6365,0.2,0.8391,1.0,0.9997,0.0,1.0,0.0208,1.91
320162_CO2-AlCl3.cif,0.4265,0.0,0.5991,1.0,0.565,0.0,0.0,0.1429,1.61
332017_No_solvation_Zn_pc_-CO2_assembly_Zn_pc__unrelaxed_fragment.cif,0.82,0.8,0.6311,1.0,0.9976,1.0,0.0,0.0175,1.65
332045_Triethylamine_solvation_model_Zn_pc_-CO2__assembly_in_trieth.cif,0.82,0.8,0.6311,1.0,0.9976,1.0,0.0,0.0175,1.65
332046_Triethylamine_solvation_model_Zn_pc_-CO2__assembly_in_trieth.cif,0.8197,0.8,0.6311,1.0,0.9952,1.0,0.0,0.0167,1.65
332051_Acetonitrile_solvation_model_Zn_pc_-CO2__assembly_in_MeCN_Zn.cif,0.82,0.8,0.6311,1.0,0.9976,1.0,0.0,0.0175,1.65
332052_Acetonitrile_solvation_model_Zn_pc_-CO2__assembly_in_MeCN_Zn.cif,0.8197,0.8,0.6311,1.0,0.9952,1.0,0.0,0.0167,1.65
338271_C-O-H-Cu-cluster_85-Wullf_facet_CHO.cif,0.848,0.8,0.9157,0.7647,0.9544,1.0,0.0,0.9659,1.9
338272_C-O-H-Cu-cluster_85-Wullf_facet_CO.cif,0.8483,0.8,0.9157,0.7647,0.9562,1.0,0.0,0.977,1.9
338273_C-O-H-Cu-cluster_85-Wullf_edge2_CHO.cif,0.8504,0.8,0.9165,0.7765,0.9544,1.0,0.0,0.9659,1.9
338274_C-O-H-Cu-cluster_85-Wullf_edge2_CO.cif,0.8507,0.8,0.9165,0.7765,0.9562,1.0,0.0,0.977,1.9
338275_C-O-H-Cu-cluster_85-Wullf_edge1_CHO.cif,0.8504,0.8,0.9165,0.7765,0.9544,1.0,0.0,0.9659,1.9
338276_C-O-H-Cu-cluster_85-Wullf_edge1_CO.cif,0.8507,0.8,0.9165,0.7765,0.9562,1.0,0.0,0.977,1.9
338277_C-O-H-Cu-cluster_85-Wullf_corner_CHO.cif,0.8504,0.8,0.9168,0.7765,0.9544,1.0,0.0,0.9659,1.9
338278_C-O-H-Cu-cluster_85-Wullf_corner_CO.cif,0.8507,0.8,0.9168,0.7765,0.9562,1.0,0.0,0.977,1.9
338279_C-O-H-Cu-cluster_309-Oh_corner1_CHO.cif,0.747,0.8,0.8925,0.5243,0.611,1.0,0.0,0.9904,1.9
338280_C-O-H-Cu-cluster_309-Oh_corner1_CO.cif,0.7472,0.8,0.8925,0.5243,0.612,1.0,0.0,0.9936,1.9
338281_C-O-H-Cu-cluster_309-Oh_facet2_CHO.cif,0.7469,0.8,0.8922,0.5243,0.611,1.0,0.0,0.9904,1.9
338282_C-O-H-Cu-cluster_309-Oh_facet2_CO.cif,0.7471,0.8,0.8922,0.5243,0.612,1.0,0.0,0.9936,1.9
338283_C-O-H-Cu-cluster_309-Oh_facet1_CHO.cif,0.7463,0.8,0.8922,0.521,0.611,1.0,0.0,0.9904,1.9
338284_C-O-H-Cu-cluster_309-Oh_facet1_CO.cif,0.7465,0.8,0.8922,0.521,0.612,1.0,0.0,0.9936,1.9
338285_C-O-H-Cu-cluster_309-Oh_edge1_CHO.cif,0.747,0.8,0.8925,0.5243,0.611,1.0,0.0,0.9904,1.9
338286_C-O-H-Cu-cluster_309-Oh_edge1_CO.cif,0.7471,0.8,0.8925,0.5243,0.612,1.0,0.0,0.9936,1.9
338287_C-O-H-Cu-cluster_309-D5h_facet2_CHO.cif,0.7468,0.8,0.8918,0.5243,0.611,1.0,0.0,0.9904,1.9
338288_C-O-H-Cu-cluster_309-D5h_facet2_CO.cif,0.747,0.8,0.8918,0.5243,0.612,1.0,0.0,0.9936,1.9
338289_C-O-H-Cu-cluster_309-D5h_facet1_CHO.cif,0.7462,0.8,0.8918,0.521,0.611,1.0,0.0,0.9904,1.9
338290_C-O-H-Cu-cluster_309-D5h_facet1_CO.cif,0.7464,0.8,0.8918,0.521,0.612,1.0,0.0,0.9936,1.9
338291_C-O-H-Cu-cluster_309-D5h_edge2_CHO.cif,0.7469,0.8,0.8921,0.5243,0.611,1.0,0.0,0.9904,1.9
338292_C-O-H-Cu-cluster_309-D5h_edge2_CO.cif,0.747,0.8,0.8921,0.5243,0.612,1.0,0.0,0.9936,1.9
338293_C-O-H-Cu-cluster_309-D5h_edge1_CHO.cif,0.7468,0.8,0.8918,0.5243,0.611,1.0,0.0,0.9904,1.9
338294_C-O-H-Cu-cluster_309-D5h_edge1_CO.cif,0.747,0.8,0.8918,0.5243,0.612,1.0,0.0,0.9936,1.9
338295_C-O-H-Cu-cluster_309-D5h_corner2_CHO.cif,0.7469,0.8,0.8921,0.5243,0.611,1.0,0.0,0.9904,1.9
338296_C-O-H-Cu-cluster_309-D5h_corner2_CO.cif,0.747,0.8,0.8921,0.5243,0.612,1.0,0.0,0.9936,1.9
338297_C-O-H-Cu-cluster_309-D5h_corner1_CHO.cif,0.7469,0.8,0.8921,0.5243,0.611,1.0,0.0,0.9904,1.9
338298_C-O-H-Cu-cluster_309-D5h_corner1_CO.cif,0.747,0.8,0.8921,0.5243,0.612,1.0,0.0,0.9936,1.9
338299_C-O-H-Cu-cluster_309-Ih_facet_CHO.cif,0.7471,0.8,0.895,0.521,0.611,1.0,0.0,0.9904,1.9
338300_C-O-H-Cu-cluster_309-Ih_facet_CO.cif,0.7472,0.8,0.895,0.521,0.612,1.0,0.0,0.9936,1.9
338301_C-O-H-Cu-cluster_309-Ih_edge2_CHO.cif,0.7477,0.8,0.895,0.5243,0.611,1.0,0.0,0.9904,1.9
338302_C-O-H-Cu-cluster_309-Ih_edge2_CO.cif,0.7478,0.8,0.895,0.5243,0.612,1.0,0.0,0.9936,1.9
338303_C-O-H-Cu-cluster_309-Ih_edge1_CHO.cif,0.7477,0.8,0.895,0.5243,0.611,1.0,0.0,0.9904,1.9
338304_C-O-H-Cu-cluster_309-Ih_edge1_CO.cif,0.7478,0.8,0.895,0.5243,0.612,1.0,0.0,0.9936,1.9
338305_C-O-H-Cu-cluster_309-Ih_corner_CHO.cif,0.7477,0.8,0.8953,0.5243,0.611,1.0,0.0,0.9904,1.9
338306_C-O-H-Cu-cluster_309-Ih_corner_CO.cif,0.7479,0.8,0.8953,0.5243,0.612,1.0,0.0,0.9936,1.9
338307_C-O-H-Cu-cluster_147-D5h_edge2_CHO.cif,0.8024,0.8,0.904,0.6259,0.8377,1.0,0.0,0.98,1.9
338308_C-O-H-Cu-cluster_147-D5h_edge2_CO.cif,0.8027,0.8,0.904,0.6259,0.8395,1.0,0.0,0.9866,1.9
338309_C-O-H-Cu-cluster_147-D5h_edge1_CHO.cif,0.8024,0.8,0.904,0.6259,0.8377,1.0,0.0,0.98,1.9
338310_C-O-H-Cu-cluster_147-D5h_edge1_CO.cif,0.8027,0.8,0.904,0.6259,0.8395,1.0,0.0,0.9866,1.9
338311_C-O-H-Cu-cluster_147-D5h_facet2_CHO.cif,0.8024,0.8,0.904,0.6259,0.8377,1.0,0.0,0.98,1.9
338312_C-O-H-Cu-cluster_147-D5h_facet2_CO.cif,0.8027,0.8,0.904,0.6259,0.8395,1.0,0.0,0.9866,1.9
338313_C-O-H-Cu-cluster_147-D5h_edge4_CHO.cif,0.8025,0.8,0.9046,0.6259,0.8377,1.0,0.0,0.98,1.9
338314_C-O-H-Cu-cluster_147-D5h_edge4_CO.cif,0.8028,0.8,0.9046,0.6259,0.8395,1.0,0.0,0.9866,1.9
338315_C-O-H-Cu-cluster_147-D5h_edge3_CHO.cif,0.8025,0.8,0.9045,0.6259,0.8377,1.0,0.0,0.98,1.9
338316_C-O-H-Cu-cluster_147-D5h_edge3_CO.cif,0.8028,0.8,0.9045,0.6259,0.8395,1.0,0.0,0.9866,1.9
338317_C-O-H-Cu-cluster_147-D5h_corner2_CHO.cif,0.8025,0.8,0.9046,0.6259,0.8377,1.0,0.0,0.98,1.9
338318_C-O-H-Cu-cluster_147-D5h_corner2_CO.cif,0.8028,0.8,0.9046,0.6259,0.8395,1.0,0.0,0.9866,1.9
338319_C-O-H-Cu-cluster_147-D5h_facet1_CHO.cif,0.8012,0.8,0.904,0.619,0.8377,1.0,0.0,0.98,1.9
338320_C-O-H-Cu-cluster_147-D5h_facet1_CO.cif,0.8014,0.8,0.904,0.619,0.8395,1.0,0.0,0.9866,1.9
338321_C-O-H-Cu-cluster_147-D5h_corner1_CHO.cif,0.8025,0.8,0.9046,0.6259,0.8377,1.0,0.0,0.98,1.9
338322_C-O-H-Cu-cluster_147-D5h_corner1_CO.cif,0.8028,0.8,0.9046,0.6259,0.8395,1.0,0.0,0.9866,1.9
338323_C-O-H-Cu-cluster_147-Oh_facet2_CHO.cif,0.8023,0.8,0.9037,0.6259,0.8377,1.0,0.0,0.98,1.9
338324_C-O-H-Cu-cluster_147-Oh_facet2_CHOH.cif,0.802,0.8,0.9037,0.6259,0.8359,1.0,0.0,0.9735,1.9
338325_C-O-H-Cu-cluster_147-Oh_facet2_CO.cif,0.8026,0.8,0.9037,0.6259,0.8395,1.0,0.0,0.9866,1.9
338326_C-O-H-Cu-cluster_147-Oh_facet1_CHO.cif,0.8011,0.8,0.9037,0.619,0.8377,1.0,0.0,0.98,1.9
338327_C-O-H-Cu-cluster_147-Oh_facet1_CHOH.cif,0.8008,0.8,0.9037,0.619,0.8359,1.0,0.0,0.9735,1.9
338328_C-O-H-Cu-cluster_147-Oh_facet1_CO.cif,0.8014,0.8,0.9037,0.619,0.8395,1.0,0.0,0.9866,1.9
338329_C-O-H-Cu-cluster_147-Oh_edge_CHO.cif,0.8024,0.8,0.9042,0.6259,0.8377,1.0,0.0,0.98,1.9
338330_C-O-H-Cu-cluster_147-Oh_edge_CHOH.cif,0.8022,0.8,0.9042,0.6259,0.8359,1.0,0.0,0.9735,1.9
338331_C-O-H-Cu-cluster_147-Oh_edge_CO.cif,0.8027,0.8,0.9042,0.6259,0.8395,1.0,0.0,0.9866,1.9
338332_C-O-H-Cu-cluster_147-Oh_corner_CHO.cif,0.8025,0.8,0.9043,0.6259,0.8377,1.0,0.0,0.98,1.9
338333_C-O-H-Cu-cluster_147-Oh_corner_CHOH.cif,0.8022,0.8,0.9043,0.6259,0.8359,1.0,0.0,0.9735,1.9
338334_C-O-H-Cu-cluster_147-Oh_corner_CO.cif,0.8028,0.8,0.9043,0.6259,0.8395,1.0,0.0,0.9866,1.9
338335_C-O-H-Cu-cluster_147-Ih_CHOCHO_f_e-fs.cif,0.8026,0.8,0.9121,0.619,0.8323,1.0,0.0,0.9608,1.9
338336_C-O-H-Cu-cluster_147-Ih_CHOCHO_f_e-is.cif,0.8026,0.8,0.9121,0.619,0.8323,1.0,0.0,0.9608,1.9
338337_C-O-H-Cu-cluster_147-Ih_CHOCHO_e1_e2-fs.cif,0.8038,0.8,0.9121,0.6259,0.8323,1.0,0.0,0.9608,1.9
338338_C-O-H-Cu-cluster_147-Ih_CHOCHO_e1_e2-is.cif,0.8038,0.8,0.9121,0.6259,0.8323,1.0,0.0,0.9608,1.9
338339_C-O-H-Cu-cluster_147-Ih_CHOCHO_e1_e1-fs.cif,0.8038,0.8,0.9121,0.6259,0.8323,1.0,0.0,0.9608,1.9
338340_C-O-H-Cu-cluster_147-Ih_CHOCHO_e1_e1-is.cif,0.8038,0.8,0.9121,0.6259,0.8323,1.0,0.0,0.9608,1.9
338341_C-O-H-Cu-cluster_147-Ih_CHOCHO_c_e-fs.cif,0.8039,0.8,0.9127,0.6259,0.8323,1.0,0.0,0.9608,1.9
338342_C-O-H-Cu-cluster_147-Ih_CHOCHO_c_e-is.cif,0.8039,0.8,0.9127,0.6259,0.8323,1.0,0.0,0.9608,1.9
338343_C-O-H-Cu-cluster_147-Ih_COCHO_f_e-fs.cif,0.8028,0.8,0.9121,0.619,0.8341,1.0,0.0,0.9671,1.9
338344_C-O-H-Cu-cluster_147-Ih_COCHO_f_e-is.cif,0.8028,0.8,0.9121,0.619,0.8341,1.0,0.0,0.9671,1.9
338345_C-O-H-Cu-cluster_147-Ih_COCHO_e1_e2-fs.cif,0.804,0.8,0.9121,0.6259,0.8341,1.0,0.0,0.9671,1.9
338346_C-O-H-Cu-cluster_147-Ih_COCHO_e1_e2-is.cif,0.804,0.8,0.9121,0.6259,0.8341,1.0,0.0,0.9671,1.9
338347_C-O-H-Cu-cluster_147-Ih_COCHO_e1_e1-fs.cif,0.804,0.8,0.9121,0.6259,0.8341,1.0,0.0,0.9671,1.9
338348_C-O-H-Cu-cluster_147-Ih_COCHO_e1_e1-is.cif,0.804,0.8,0.9121,0.6259,0.8341,1.0,0.0,0.9671,1.9
338349_C-O-H-Cu-cluster_147-Ih_COCHO_c_e-fs.cif,0.8042,0.8,0.9127,0.6259,0.8341,1.0,0.0,0.9671,1.9
338350_C-O-H-Cu-cluster_147-Ih_COCHO_c_e-is.cif,0.8042,0.8,0.9127,0.6259,0.8341,1.0,0.0,0.9671,1.9
338351_C-O-H-Cu-cluster_147-Ih_COCO_e1_f-fs.cif,0.8031,0.8,0.9121,0.619,0.8359,1.0,0.0,0.9735,1.9
338352_C-O-H-Cu-cluster_147-Ih_COCO_e1_f-is.cif,0.8031,0.8,0.9121,0.619,0.8359,1.0,0.0,0.9735,1.9
338353_C-O-H-Cu-cluster_147-Ih_COCO_e1_e1-fs.cif,0.8043,0.8,0.9121,0.6259,0.8359,1.0,0.0,0.9735,1.9
338354_C-O-H-Cu-cluster_147-Ih_COCO_e1_e1-is.cif,0.8043,0.8,0.9121,0.6259,0.8359,1.0,0.0,0.9735,1.9
338355_C-O-H-Cu-cluster_147-Ih_COCO_c_e-fs.cif,0.8045,0.8,0.9129,0.6259,0.8359,1.0,0.0,0.9735,1.9
338356_C-O-H-Cu-cluster_147-Ih_COCO_c_e-is.cif,0.8045,0.8,0.9127,0.6259,0.8359,1.0,0.0,0.9735,1.9
338357_C-O-H-Cu-cluster_147-Ih_facet_CHOH.cif,0.8032,0.8,0.9124,0.619,0.8359,1.0,0.0,0.9735,1.9
338358_C-O-H-Cu-cluster_147-Ih_facet_COH.cif,0.8033,0.8,0.9118,0.619,0.8377,1.0,0.0,0.98,1.9
338359_C-O-H-Cu-cluster_147-Ih_facet_CHO.cif,0.8034,0.8,0.9124,0.619,0.8377,1.0,0.0,0.98,1.9
338360_C-O-H-Cu-cluster_147-Ih_facet_CO.cif,0.8037,0.8,0.9124,0.619,0.8395,1.0,0.0,0.9866,1.9
338361_C-O-H-Cu-cluster_147-Ih_edge_CHOH.cif,0.8044,0.8,0.9124,0.6259,0.8359,1.0,0.0,0.9735,1.9
338362_C-O-H-Cu-cluster_147-Ih_edge_COH.cif,0.8047,0.8,0.9124,0.6259,0.8377,1.0,0.0,0.98,1.9
338363_C-O-H-Cu-cluster_147-Ih_edge_CHO.cif,0.8047,0.8,0.9124,0.6259,0.8377,1.0,0.0,0.98,1.9
338364_C-O-H-Cu-cluster_147-Ih_edge_CO.cif,0.8049,0.8,0.9124,0.6259,0.8395,1.0,0.0,0.9866,1.9
338365_C-O-H-Cu-cluster_147-Ih_corner_CHOH.cif,0.8046,0.8,0.913,0.6259,0.8359,1.0,0.0,0.9735,1.9
338366_C-O-H-Cu-cluster_147-Ih_corner_COH.cif,0.8048,0.8,0.913,0.6259,0.8377,1.0,0.0,0.98,1.9
338367_C-O-H-Cu-cluster_147-Ih_corner_CHO.cif,0.8048,0.8,0.913,0.6259,0.8377,1.0,0.0,0.98,1.9
338368_C-O-H-Cu-cluster_147-Ih_corner_CO.cif,0.8051,0.8,0.913,0.6259,0.8395,1.0,0.0,0.9866,1.9
338369_C-O-H-Cu-cluster_55-D5h_CHOCHO_f_e3-fs.cif,0.8533,0.8,0.9139,0.7636,0.9943,1.0,0.0,0.9016,1.9
338370_C-O-H-Cu-cluster_55-D5h_CHOCHO_f_e3-is.cif,0.8533,0.8,0.9139,0.7636,0.9943,1.0,0.0,0.9016,1.9
338371_C-O-H-Cu-cluster_55-D5h_CHOCHO_e4_c2-fs.cif,0.8539,0.8,0.9158,0.7636,0.9943,1.0,0.0,0.9016,1.9
338372_C-O-H-Cu-cluster_55-D5h_CHOCHO_e4_c2-is.cif,0.8539,0.8,0.9158,0.7636,0.9943,1.0,0.0,0.9016,1.9
338373_C-O-H-Cu-cluster_55-D5h_CHOCHO_e1_c2-fs.cif,0.8534,0.8,0.9142,0.7636,0.9943,1.0,0.0,0.9016,1.9
338374_C-O-H-Cu-cluster_55-D5h_CHOCHO_e1_c2-is.cif,0.8534,0.8,0.9142,0.7636,0.9943,1.0,0.0,0.9016,1.9
338375_C-O-H-Cu-cluster_55-D5h_CHOCHO_e1_e2-fs.cif,0.853,0.8,0.9126,0.7636,0.9943,1.0,0.0,0.9016,1.9
338376_C-O-H-Cu-cluster_55-D5h_CHOCHO_e1_e2-is.cif,0.853,0.8,0.9126,0.7636,0.9943,1.0,0.0,0.9016,1.9
338377_C-O-H-Cu-cluster_55-D5h_CHOCHO_e1_c1-fs.cif,0.8534,0.8,0.9142,0.7636,0.9943,1.0,0.0,0.9016,1.9
338378_C-O-H-Cu-cluster_55-D5h_CHOCHO_e1_c1-is.cif,0.8534,0.8,0.9142,0.7636,0.9943,1.0,0.0,0.9016,1.9
338379_C-O-H-Cu-cluster_55-D5h_COCHO_f_e3-fs.cif,0.8535,0.8,0.9139,0.7636,0.9952,1.0,0.0,0.9167,1.9
338380_C-O-H-Cu-cluster_55-D5h_COCHO_f_e3-is.cif,0.8535,0.8,0.9139,0.7636,0.9952,1.0,0.0,0.9167,1.9
338381_C-O-H-Cu-cluster_55-D5h_COCHO_e4_c2-fs.cif,0.854,0.8,0.9158,0.7636,0.9952,1.0,0.0,0.9167,1.9
338382_C-O-H-Cu-cluster_55-D5h_COCHO_e4_c2-is.cif,0.854,0.8,0.9158,0.7636,0.9952,1.0,0.0,0.9167,1.9
338383_C-O-H-Cu-cluster_55-D5h_COCHO_e1_c2-fs.cif,0.8536,0.8,0.9142,0.7636,0.9952,1.0,0.0,0.9167,1.9
338384_C-O-H-Cu-cluster_55-D5h_COCHO_e1_c2-is.cif,0.8536,0.8,0.9142,0.7636,0.9952,1.0,0.0,0.9167,1.9
338385_C-O-H-Cu-cluster_55-D5h_COCHO_e1_c1-fs.cif,0.8536,0.8,0.9142,0.7636,0.9952,1.0,0.0,0.9167,1.9
338386_C-O-H-Cu-cluster_55-D5h_COCHO_e1_c1-is.cif,0.8536,0.8,0.9142,0.7636,0.9952,1.0,0.0,0.9167,1.9
338387_C-O-H-Cu-cluster_55-D5h_COCO_f_e3-fs.cif,0.8536,0.8,0.9139,0.7636,0.9961,1.0,0.0,0.9322,1.9
338388_C-O-H-Cu-cluster_55-D5h_COCO_f_e3-is.cif,0.8536,0.8,0.9139,0.7636,0.9961,1.0,0.0,0.9322,1.9
338389_C-O-H-Cu-cluster_55-D5h_COCO_e4_c2-fs.cif,0.8543,0.8,0.9163,0.7636,0.9961,1.0,0.0,0.9322,1.9
338390_C-O-H-Cu-cluster_55-D5h_COCO_e4_c2-is.cif,0.8541,0.8,0.9158,0.7636,0.9961,1.0,0.0,0.9322,1.9
338391_C-O-H-Cu-cluster_55-D5h_COCO_e1_c2-fs.cif,0.8539,0.8,0.915,0.7636,0.9961,1.0,0.0,0.9322,1.9
338392_C-O-H-Cu-cluster_55-D5h_COCO_e1_c2-is.cif,0.8537,0.8,0.9142,0.7636,0.9961,1.0,0.0,0.9322,1.9
338393_C-O-H-Cu-cluster_55-D5h_COCO_e1_e2-fs.cif,0.8533,0.8,0.9126,0.7636,0.9961,1.0,0.0,0.9322,1.9
338394_C-O-H-Cu-cluster_55-D5h_COCO_e1_e2-is.cif,0.8533,0.8,0.9126,0.7636,0.9961,1.0,0.0,0.9322,1.9
338395_C-O-H-Cu-cluster_55-D5h_COCO_e1_c1-fs.cif,0.8537,0.8,0.9142,0.7636,0.9961,1.0,0.0,0.9322,1.9
338396_C-O-H-Cu-cluster_55-D5h_COCO_e1_c1-is.cif,0.8537,0.8,0.9142,0.7636,0.9961,1.0,0.0,0.9322,1.9
338397_C-O-H-Cu-cluster_55-D5h_edge12_CHOH.cif,0.8535,0.8,0.9134,0.7636,0.9961,1.0,0.0,0.9322,1.9
338398_C-O-H-Cu-cluster_55-D5h_edge12_CHO.cif,0.8536,0.8,0.9134,0.7636,0.9969,1.0,0.0,0.9483,1.9
338399_C-O-H-Cu-cluster_55-D5h_edge12_CO.cif,0.8537,0.8,0.9134,0.7636,0.9976,1.0,0.0,0.9649,1.9
338400_C-O-H-Cu-cluster_55-D5h_facet_CHO.cif,0.8539,0.8,0.9147,0.7636,0.9969,1.0,0.0,0.9483,1.9
338401_C-O-H-Cu-cluster_55-D5h_facet_CO.cif,0.8537,0.8,0.9134,0.7636,0.9976,1.0,0.0,0.9649,1.9
338402_C-O-H-Cu-cluster_55-D5h_edge4_CHOH.cif,0.8539,0.8,0.915,0.7636,0.9961,1.0,0.0,0.9322,1.9
338403_C-O-H-Cu-cluster_55-D5h_edge4_CHO.cif,0.854,0.8,0.915,0.7636,0.9969,1.0,0.0,0.9483,1.9
338404_C-O-H-Cu-cluster_55-D5h_edge4_CO.cif,0.8541,0.8,0.915,0.7636,0.9976,1.0,0.0,0.9649,1.9
338405_C-O-H-Cu-cluster_55-D5h_edge3_CHOH.cif,0.8538,0.8,0.9147,0.7636,0.9961,1.0,0.0,0.9322,1.9
338406_C-O-H-Cu-cluster_55-D5h_edge3_CHO.cif,0.8539,0.8,0.9147,0.7636,0.9969,1.0,0.0,0.9483,1.9
338407_C-O-H-Cu-cluster_55-D5h_edge3_CO.cif,0.854,0.8,0.9147,0.7636,0.9976,1.0,0.0,0.9649,1.9
338408_C-O-H-Cu-cluster_55-D5h_corner2_CHOH.cif,0.8539,0.8,0.915,0.7636,0.9961,1.0,0.0,0.9322,1.9
338409_C-O-H-Cu-cluster_55-D5h_corner2_CHO.cif,0.854,0.8,0.915,0.7636,0.9969,1.0,0.0,0.9483,1.9
338410_C-O-H-Cu-cluster_55-D5h_corner2_CO.cif,0.8541,0.8,0.915,0.7636,0.9976,1.0,0.0,0.9649,1.9
338411_C-O-H-Cu-cluster_55-D5h_corner1_CHOH.cif,0.8539,0.8,0.915,0.7636,0.9961,1.0,0.0,0.9322,1.9
338412_C-O-H-Cu-cluster_55-D5h_corner1_CHO.cif,0.854,0.8,0.915,0.7636,0.9969,1.0,0.0,0.9483,1.9
338413_C-O-H-Cu-cluster_55-D5h_corner1_CO.cif,0.8541,0.8,0.915,0.7636,0.9976,1.0,0.0,0.9649,1.9
338414_C-O-H-Cu-cluster_55-Ih_CHOCHO_e_e-fs.cif,0.8582,0.8,0.932,0.7636,0.9943,1.0,0.0,0.9016,1.9
338415_C-O-H-Cu-cluster_55-Ih_CHOCHO_e_e-is.cif,0.8582,0.8,0.932,0.7636,0.9943,1.0,0.0,0.9016,1.9
338416_C-O-H-Cu-cluster_55-Ih_CHOCHO_c_e-fs.cif,0.8587,0.8,0.9336,0.7636,0.9943,1.0,0.0,0.9016,1.9
338417_C-O-H-Cu-cluster_55-Ih_CHOCHO_c_e-is.cif,0.8587,0.8,0.9336,0.7636,0.9943,1.0,0.0,0.9016,1.9
338418_C-O-H-Cu-cluster_55-Ih_COCHO_e_e-fs.cif,0.8584,0.8,0.932,0.7636,0.9952,1.0,0.0,0.9167,1.9
338419_C-O-H-Cu-cluster_55-Ih_COCHO_e_e-is.cif,0.8584,0.8,0.932,0.7636,0.9952,1.0,0.0,0.9167,1.9
338420_C-O-H-Cu-cluster_55-Ih_COCHO_c_e-fs.cif,0.8588,0.8,0.9336,0.7636,0.9952,1.0,0.0,0.9167,1.9
338421_C-O-H-Cu-cluster_55-Ih_COCHO_c_e-is.cif,0.8588,0.8,0.9336,0.7636,0.9952,1.0,0.0,0.9167,1.9
338422_C-O-H-Cu-cluster_55-Ih_COCO_c_e-fs.cif,0.8589,0.8,0.9336,0.7636,0.9961,1.0,0.0,0.9322,1.9
338423_C-O-H-Cu-cluster_55-Ih_COCO_c_e-is.cif,0.8589,0.8,0.9336,0.7636,0.9961,1.0,0.0,0.9322,1.9
338424_C-O-H-Cu-cluster_55-Ih_edge_CHOH.cif,0.8587,0.8,0.9328,0.7636,0.9961,1.0,0.0,0.9322,1.9
338425_C-O-H-Cu-cluster_55-Ih_edge_COH.cif,0.8588,0.8,0.9328,0.7636,0.9969,1.0,0.0,0.9483,1.9
338426_C-O-H-Cu-cluster_55-Ih_edge_CHO.cif,0.8588,0.8,0.9328,0.7636,0.9969,1.0,0.0,0.9483,1.9
338427_C-O-H-Cu-cluster_55-Ih_edge_CO.cif,0.8589,0.8,0.9328,0.7636,0.9976,1.0,0.0,0.9649,1.9
338428_C-O-H-Cu-cluster_55-Ih_corner_CHOH.cif,0.8592,0.8,0.9344,0.7636,0.9961,1.0,0.0,0.9322,1.9
338429_C-O-H-Cu-cluster_55-Ih_corner_COH.cif,0.8593,0.8,0.9344,0.7636,0.9969,1.0,0.0,0.9483,1.9
338430_C-O-H-Cu-cluster_55-Ih_corner_CHO.cif,0.8593,0.8,0.9344,0.7636,0.9969,1.0,0.0,0.9483,1.9
338431_C-O-H-Cu-cluster_55-Ih_corner_CO.cif,0.8594,0.8,0.9344,0.7636,0.9976,1.0,0.0,0.9649,1.9
338432_C-O-H-Cu-cluster_225-Wullf_facet3_CHO.cif,0.7801,0.8,0.8961,0.6178,0.7131,1.0,0.0,0.9868,1.9
338433_C-O-H-Cu-cluster_225-Wullf_facet3_CO.cif,0.7803,0.8,0.8961,0.6178,0.7145,1.0,0.0,0.9912,1.9
338434_C-O-H-Cu-cluster_225-Wullf_facet2_CHO.cif,0.7801,0.8,0.8961,0.6178,0.7131,1.0,0.0,0.9868,1.9
338435_C-O-H-Cu-cluster_225-Wullf_facet2_CO.cif,0.7803,0.8,0.8961,0.6178,0.7145,1.0,0.0,0.9912,1.9
338436_C-O-H-Cu-cluster_225-Wullf_facet1_CHO.cif,0.7801,0.8,0.8961,0.6178,0.7131,1.0,0.0,0.9868,1.9
338437_C-O-H-Cu-cluster_225-Wullf_facet1_CO.cif,0.7803,0.8,0.8961,0.6178,0.7145,1.0,0.0,0.9912,1.9
338438_C-O-H-Cu-cluster_225-Wullf_edge2_CHO.cif,0.781,0.8,0.8964,0.6222,0.7131,1.0,0.0,0.9868,1.9
338439_C-O-H-Cu-cluster_225-Wullf_edge2_CO.cif,0.7812,0.8,0.8964,0.6222,0.7145,1.0,0.0,0.9912,1.9
338440_C-O-H-Cu-cluster_225-Wullf_edge1_CHO.cif,0.781,0.8,0.8964,0.6222,0.7131,1.0,0.0,0.9868,1.9
338441_C-O-H-Cu-cluster_225-Wullf_edge1_CO.cif,0.7812,0.8,0.8964,0.6222,0.7145,1.0,0.0,0.9912,1.9
338442_C-O-H-Cu-cluster_225-Wullf_corner_CHO.cif,0.781,0.8,0.8965,0.6222,0.7131,1.0,0.0,0.9868,1.9
338443_C-O-H-Cu-cluster_225-Wullf_corner_CO.cif,0.7812,0.8,0.8965,0.6222,0.7145,1.0,0.0,0.9912,1.9
338444_C-O-H-Cu-cluster_165-Wullf_facet2_CHO.cif,0.7736,0.8,0.8887,0.5152,0.8061,1.0,0.0,0.9821,1.9
338445_C-O-H-Cu-cluster_165-Wullf_facet2_CO.cif,0.7738,0.8,0.8887,0.5152,0.8078,1.0,0.0,0.988,1.9
338446_C-O-H-Cu-cluster_165-Wullf_facet1_CHO.cif,0.7747,0.8,0.8887,0.5212,0.8061,1.0,0.0,0.9821,1.9
338447_C-O-H-Cu-cluster_165-Wullf_facet1_CO.cif,0.7749,0.8,0.8887,0.5212,0.8078,1.0,0.0,0.988,1.9
338448_C-O-H-Cu-cluster_165-Wullf_edge_CHO.cif,0.7748,0.8,0.8891,0.5212,0.8061,1.0,0.0,0.9821,1.9
338449_C-O-H-Cu-cluster_165-Wullf_edge_CO.cif,0.7751,0.8,0.8891,0.5212,0.8078,1.0,0.0,0.988,1.9
338450_C-O-H-Cu-cluster_165-Wullf_corner_CHO.cif,0.7748,0.8,0.8892,0.5212,0.8061,1.0,0.0,0.9821,1.9
338451_C-O-H-Cu-cluster_165-Wullf_corner_CO.cif,0.7751,0.8,0.8892,0.5212,0.8078,1.0,0.0,0.988,1.9
338452_C-O-H-Cu-cluster_140-Wullf_CHOCHO_f2_f2-fs.cif,0.8113,0.8,0.9026,0.6714,0.845,1.0,0.0,0.9589,1.9
338453_C-O-H-Cu-cluster_140-Wullf_CHOCHO_f2_f2-is.cif,0.8113,0.8,0.9026,0.6714,0.845,1.0,0.0,0.9589,1.9
338454_C-O-H-Cu-cluster_140-Wullf_CHOCHO_e_e-fs.cif,0.8142,0.8,0.9036,0.6857,0.845,1.0,0.0,0.9589,1.9
338455_C-O-H-Cu-cluster_140-Wullf_CHOCHO_e_e-is.cif,0.8142,0.8,0.9036,0.6857,0.845,1.0,0.0,0.9589,1.9
338456_C-O-H-Cu-cluster_140-Wullf_CHOCHO_c_f1-fs.cif,0.8128,0.8,0.9032,0.6786,0.845,1.0,0.0,0.9589,1.9
338457_C-O-H-Cu-cluster_140-Wullf_CHOCHO_c_f1-is.cif,0.8128,0.8,0.9032,0.6786,0.845,1.0,0.0,0.9589,1.9
338458_C-O-H-Cu-cluster_140-Wullf_CHOCHO_c_e-fs.cif,0.8142,0.8,0.9037,0.6857,0.845,1.0,0.0,0.9589,1.9
338459_C-O-H-Cu-cluster_140-Wullf_CHOCHO_c_e-is.cif,0.8142,0.8,0.9039,0.6857,0.845,1.0,0.0,0.9589,1.9
338460_C-O-H-Cu-cluster_140-Wullf_CHOCHO_c_c-fs.cif,0.8142,0.8,0.9039,0.6857,0.845,1.0,0.0,0.9589,1.9
338461_C-O-H-Cu-cluster_140-Wullf_CHOCHO_c_c-is.cif,0.8142,0.8,0.9039,0.6857,0.845,1.0,0.0,0.9589,1.9
338462_C-O-H-Cu-cluster_140-Wullf_COCHO_f2_f2-fs.cif,0.8116,0.8,0.9026,0.6714,0.8468,1.0,0.0,0.9655,1.9
338463_C-O-H-Cu-cluster_140-Wullf_COCHO_f2_f2-is.cif,0.8116,0.8,0.9026,0.6714,0.8468,1.0,0.0,0.9655,1.9
338464_C-O-H-Cu-cluster_140-Wullf_COCHO_c_e-fs.cif,0.8145,0.8,0.9037,0.6857,0.8468,1.0,0.0,0.9655,1.9
338465_C-O-H-Cu-cluster_140-Wullf_COCHO_c_e-is.cif,0.8145,0.8,0.9037,0.6857,0.8468,1.0,0.0,0.9655,1.9
338466_C-O-H-Cu-cluster_140-Wullf_COCHO_e_e-fs.cif,0.8144,0.8,0.9036,0.6857,0.8468,1.0,0.0,0.9655,1.9
338467_C-O-H-Cu-cluster_140-Wullf_COCHO_e_e-is.cif,0.8144,0.8,0.9036,0.6857,0.8468,1.0,0.0,0.9655,1.9
338468_C-O-H-Cu-cluster_140-Wullf_COCHO_c_f1-fs.cif,0.813,0.8,0.9032,0.6786,0.8468,1.0,0.0,0.9655,1.9
338469_C-O-H-Cu-cluster_140-Wullf_COCHO_c_f1-is.cif,0.813,0.8,0.9032,0.6786,0.8468,1.0,0.0,0.9655,1.9
338470_C-O-H-Cu-cluster_140-Wullf_COCHO_c_c-fs.cif,0.8145,0.8,0.9039,0.6857,0.8468,1.0,0.0,0.9655,1.9
338471_C-O-H-Cu-cluster_140-Wullf_COCHO_c_c-is.cif,0.8145,0.8,0.9039,0.6857,0.8468,1.0,0.0,0.9655,1.9
338472_C-O-H-Cu-cluster_140-Wullf_COCO_f2_f2-fs.cif,0.8118,0.8,0.9023,0.6714,0.8486,1.0,0.0,0.9722,1.9
338473_C-O-H-Cu-cluster_140-Wullf_COCO_f2_f2-is.cif,0.8119,0.8,0.9026,0.6714,0.8486,1.0,0.0,0.9722,1.9
338474_C-O-H-Cu-cluster_140-Wullf_COCO_e_e-fs.cif,0.8146,0.8,0.9033,0.6857,0.8486,1.0,0.0,0.9722,1.9
338475_C-O-H-Cu-cluster_140-Wullf_COCO_e_e-is.cif,0.8147,0.8,0.9036,0.6857,0.8486,1.0,0.0,0.9722,1.9
338476_C-O-H-Cu-cluster_140-Wullf_COCO_c_e-fs.cif,0.8148,0.8,0.9039,0.6857,0.8486,1.0,0.0,0.9722,1.9
338477_C-O-H-Cu-cluster_140-Wullf_COCO_c_e-is.cif,0.8147,0.8,0.9037,0.6857,0.8486,1.0,0.0,0.9722,1.9
338478_C-O-H-Cu-cluster_140-Wullf_COCO_c_c-fs.cif,0.8148,0.8,0.9041,0.6857,0.8486,1.0,0.0,0.9722,1.9
338479_C-O-H-Cu-cluster_140-Wullf_COCO_c_c-is.cif,0.8148,0.8,0.9039,0.6857,0.8486,1.0,0.0,0.9722,1.9
338480_C-O-H-Cu-cluster_140-Wullf_facet2_CHO.cif,0.8135,0.8,0.9029,0.6786,0.8505,1.0,0.0,0.979,1.9
338481_C-O-H-Cu-cluster_140-Wullf_facet2_CHOH.cif,0.8132,0.8,0.9029,0.6786,0.8486,1.0,0.0,0.9722,1.9
338482_C-O-H-Cu-cluster_140-Wullf_facet2_COH.cif,0.8136,0.8,0.9033,0.6786,0.8505,1.0,0.0,0.979,1.9
338483_C-O-H-Cu-cluster_140-Wullf_facet2_CO.cif,0.8138,0.8,0.9029,0.6786,0.8523,1.0,0.0,0.9859,1.9
338484_C-O-H-Cu-cluster_140-Wullf_facet1_CHO.cif,0.8135,0.8,0.9029,0.6786,0.8505,1.0,0.0,0.979,1.9
338485_C-O-H-Cu-cluster_140-Wullf_facet1_CHOH.cif,0.8132,0.8,0.9029,0.6786,0.8486,1.0,0.0,0.9722,1.9
338486_C-O-H-Cu-cluster_140-Wullf_facet1_CO.cif,0.8138,0.8,0.9029,0.6786,0.8523,1.0,0.0,0.9859,1.9
338487_C-O-H-Cu-cluster_140-Wullf_edge_CHO.cif,0.8149,0.8,0.9034,0.6857,0.8505,1.0,0.0,0.979,1.9
338488_C-O-H-Cu-cluster_140-Wullf_edge_CHOH.cif,0.8147,0.8,0.9036,0.6857,0.8486,1.0,0.0,0.9722,1.9
338489_C-O-H-Cu-cluster_140-Wullf_edge_COH.cif,0.815,0.8,0.9036,0.6857,0.8505,1.0,0.0,0.979,1.9
338490_C-O-H-Cu-cluster_140-Wullf_edge_CO.cif,0.8152,0.8,0.9034,0.6857,0.8523,1.0,0.0,0.9859,1.9
338491_C-O-H-Cu-cluster_140-Wullf_corner_CHO.cif,0.815,0.8,0.9036,0.6857,0.8505,1.0,0.0,0.979,1.9
338492_C-O-H-Cu-cluster_140-Wullf_corner_CHOH.cif,0.8147,0.8,0.9036,0.6857,0.8486,1.0,0.0,0.9722,1.9
338493_C-O-H-Cu-cluster_140-Wullf_corner_COH.cif,0.815,0.8,0.9039,0.6857,0.8505,1.0,0.0,0.979,1.9
338494_C-O-H-Cu-cluster_140-Wullf_corner_CO.cif,0.8152,0.8,0.9036,0.6857,0.8523,1.0,0.0,0.9859,1.9
338495_C-O-H-Cu-cluster_79-Wullf_CHOCHO_f_f-fs.cif,0.8413,0.8,0.9081,0.7342,0.9597,1.0,0.0,0.9294,1.9
338496_C-O-H-Cu-cluster_79-Wullf_CHOCHO_f_f-is.cif,0.8413,0.8,0.9081,0.7342,0.9597,1.0,0.0,0.9294,1.9
338497_C-O-H-Cu-cluster_79-Wullf_CHOCHO_f_e-fs.cif,0.8438,0.8,0.909,0.7468,0.9597,1.0,0.0,0.9294,1.9
338498_C-O-H-Cu-cluster_79-Wullf_CHOCHO_f_e-is.cif,0.8438,0.8,0.909,0.7468,0.9597,1.0,0.0,0.9294,1.9
338499_C-O-H-Cu-cluster_79-Wullf_CHOCHO_c_f-fs.cif,0.8439,0.8,0.9092,0.7468,0.9597,1.0,0.0,0.9294,1.9
338500_C-O-H-Cu-cluster_79-Wullf_CHOCHO_c_f-is.cif,0.8439,0.8,0.9092,0.7468,0.9597,1.0,0.0,0.9294,1.9
338501_C-O-H-Cu-cluster_79-Wullf_CHOCHO_c_e-fs.cif,0.8464,0.8,0.9101,0.7595,0.9597,1.0,0.0,0.9294,1.9
338502_C-O-H-Cu-cluster_79-Wullf_CHOCHO_c_e-is.cif,0.8465,0.8,0.9107,0.7595,0.9597,1.0,0.0,0.9294,1.9
338503_C-O-H-Cu-cluster_79-Wullf_CHOCHO_c_c-fs.cif,0.8465,0.8,0.9103,0.7595,0.9597,1.0,0.0,0.9294,1.9
338504_C-O-H-Cu-cluster_79-Wullf_CHOCHO_c_c-is.cif,0.8465,0.8,0.9103,0.7595,0.9597,1.0,0.0,0.9294,1.9
338505_C-O-H-Cu-cluster_79-Wullf_COCHO_f_f-fs.cif,0.8416,0.8,0.9081,0.7342,0.9615,1.0,0.0,0.9405,1.9
338506_C-O-H-Cu-cluster_79-Wullf_COCHO_f_f-is.cif,0.8416,0.8,0.9081,0.7342,0.9615,1.0,0.0,0.9405,1.9
338507_C-O-H-Cu-cluster_79-Wullf_COCHO_f_e-fs.cif,0.8441,0.8,0.909,0.7468,0.9615,1.0,0.0,0.9405,1.9
338508_C-O-H-Cu-cluster_79-Wullf_COCHO_f_e-is.cif,0.8441,0.8,0.909,0.7468,0.9615,1.0,0.0,0.9405,1.9
338509_C-O-H-Cu-cluster_79-Wullf_COCHO_c_f-fs.cif,0.8441,0.8,0.9092,0.7468,0.9615,1.0,0.0,0.9405,1.9
338510_C-O-H-Cu-cluster_79-Wullf_COCHO_c_f-is.cif,0.8441,0.8,0.9092,0.7468,0.9615,1.0,0.0,0.9405,1.9
338511_C-O-H-Cu-cluster_79-Wullf_COCHO_c_e-fs.cif,0.8467,0.8,0.9101,0.7595,0.9615,1.0,0.0,0.9405,1.9
338512_C-O-H-Cu-cluster_79-Wullf_COCHO_c_e-is.cif,0.8467,0.8,0.9101,0.7595,0.9615,1.0,0.0,0.9405,1.9
338513_C-O-H-Cu-cluster_79-Wullf_COCHO_c_c-fs.cif,0.8467,0.8,0.9103,0.7595,0.9615,1.0,0.0,0.9405,1.9
338514_C-O-H-Cu-cluster_79-Wullf_COCHO_c_c-is.cif,0.8467,0.8,0.9103,0.7595,0.9615,1.0,0.0,0.9405,1.9
338515_C-O-H-Cu-cluster_79-Wullf_COCO_f_f-fs.cif,0.8417,0.8,0.9075,0.7342,0.9632,1.0,0.0,0.9518,1.9
338516_C-O-H-Cu-cluster_79-Wullf_COCO_f_f-is.cif,0.8418,0.8,0.9081,0.7342,0.9632,1.0,0.0,0.9518,1.9
338517_C-O-H-Cu-cluster_79-Wullf_COCO_c_e-fs.cif,0.8468,0.8,0.9095,0.7595,0.9632,1.0,0.0,0.9518,1.9
338518_C-O-H-Cu-cluster_79-Wullf_COCO_c_e-is.cif,0.8469,0.8,0.9101,0.7595,0.9632,1.0,0.0,0.9518,1.9
338519_C-O-H-Cu-cluster_79-Wullf_COCO_c_c-fs.cif,0.8471,0.8,0.9107,0.7595,0.9632,1.0,0.0,0.9518,1.9
338520_C-O-H-Cu-cluster_79-Wullf_COCO_c_c-is.cif,0.847,0.8,0.9103,0.7595,0.9632,1.0,0.0,0.9518,1.9
338521_C-O-H-Cu-cluster_79-Wullf_facet_CHOH.cif,0.8442,0.8,0.9086,0.7468,0.9632,1.0,0.0,0.9518,1.9
338522_C-O-H-Cu-cluster_79-Wullf_facet_COH.cif,0.8447,0.8,0.9095,0.7468,0.9649,1.0,0.0,0.9634,1.9
338523_C-O-H-Cu-cluster_79-Wullf_facet_CHO.cif,0.8445,0.8,0.9086,0.7468,0.9649,1.0,0.0,0.9634,1.9
338524_C-O-H-Cu-cluster_79-Wullf_facet_CO.cif,0.8448,0.8,0.9086,0.7468,0.9666,1.0,0.0,0.9753,1.9
338525_C-O-H-Cu-cluster_79-Wullf_edge_CHOH.cif,0.8468,0.8,0.9095,0.7595,0.9632,1.0,0.0,0.9518,1.9
338526_C-O-H-Cu-cluster_79-Wullf_edge_COH.cif,0.8447,0.8,0.9095,0.7468,0.9649,1.0,0.0,0.9634,1.9
338527_C-O-H-Cu-cluster_79-Wullf_edge_CHO.cif,0.847,0.8,0.9095,0.7595,0.9649,1.0,0.0,0.9634,1.9
338528_C-O-H-Cu-cluster_79-Wullf_edge_CO.cif,0.8473,0.8,0.9095,0.7595,0.9666,1.0,0.0,0.9753,1.9
338529_C-O-H-Cu-cluster_79-Wullf_corner_CHOH.cif,0.8468,0.8,0.9098,0.7595,0.9632,1.0,0.0,0.9518,1.9
338530_C-O-H-Cu-cluster_79-Wullf_corner_COH.cif,0.8472,0.8,0.9103,0.7595,0.9649,1.0,0.0,0.9634,1.9
338531_C-O-H-Cu-cluster_79-Wullf_corner_CHO.cif,0.8471,0.8,0.9098,0.7595,0.9649,1.0,0.0,0.9634,1.9
338532_C-O-H-Cu-cluster_79-Wullf_corner_CO.cif,0.8473,0.8,0.9098,0.7595,0.9666,1.0,0.0,0.9753,1.9
338533_C-O-H-Cu-cluster_38-Wullf_CHOCHO_c_f-fs.cif,0.8618,0.8,0.9088,0.8158,0.9975,1.0,0.0,0.8636,1.9
338534_C-O-H-Cu-cluster_38-Wullf_CHOCHO_c_f-is.cif,0.8618,0.8,0.9088,0.8158,0.9975,1.0,0.0,0.8636,1.9
338535_C-O-H-Cu-cluster_38-Wullf_CHOCHO_c1_c2-fs.cif,0.8672,0.8,0.9111,0.8421,0.9975,1.0,0.0,0.8636,1.9
338536_C-O-H-Cu-cluster_38-Wullf_CHOCHO_c1_c2-is.cif,0.8672,0.8,0.9111,0.8421,0.9975,1.0,0.0,0.8636,1.9
338537_C-O-H-Cu-cluster_38-Wullf_CHOCHO_c1_c1-fs.cif,0.8672,0.8,0.9111,0.8421,0.9975,1.0,0.0,0.8636,1.9
338538_C-O-H-Cu-cluster_38-Wullf_CHOCHO_c1_c1-is.cif,0.8672,0.8,0.9111,0.8421,0.9975,1.0,0.0,0.8636,1.9
338539_C-O-H-Cu-cluster_38-Wullf_COCHO_c_f-fs.cif,0.8617,0.8,0.9088,0.8158,0.9965,1.0,0.0,0.8837,1.9
338540_C-O-H-Cu-cluster_38-Wullf_COCHO_c_f-is.cif,0.8617,0.8,0.9088,0.8158,0.9965,1.0,0.0,0.8837,1.9
338541_C-O-H-Cu-cluster_38-Wullf_COCHO_c1_c2-fs.cif,0.8671,0.8,0.9111,0.8421,0.9965,1.0,0.0,0.8837,1.9
338542_C-O-H-Cu-cluster_38-Wullf_COCHO_c1_c2-is.cif,0.8671,0.8,0.9111,0.8421,0.9965,1.0,0.0,0.8837,1.9
338543_C-O-H-Cu-cluster_38-Wullf_COCHO_c1_c1-fs.cif,0.8671,0.8,0.9111,0.8421,0.9965,1.0,0.0,0.8837,1.9
338544_C-O-H-Cu-cluster_38-Wullf_COCHO_c1_c1-is.cif,0.8671,0.8,0.9111,0.8421,0.9965,1.0,0.0,0.8837,1.9
338545_C-O-H-Cu-cluster_38-Wullf_COCO_c1_c2-fs.cif,0.8671,0.8,0.9118,0.8421,0.9954,1.0,0.0,0.9048,1.9
338546_C-O-H-Cu-cluster_38-Wullf_COCO_c1_c2-is.cif,0.8669,0.8,0.9111,0.8421,0.9954,1.0,0.0,0.9048,1.9
338547_C-O-H-Cu-cluster_38-Wullf_COCO_c1_c1-fs.cif,0.8671,0.8,0.9118,0.8421,0.9954,1.0,0.0,0.9048,1.9
338548_C-O-H-Cu-cluster_38-Wullf_COCO_c1_c1-is.cif,0.8669,0.8,0.9111,0.8421,0.9954,1.0,0.0,0.9048,1.9
338549_C-O-H-Cu-cluster_38-Wullf_facet_CHOH.cif,0.8612,0.8,0.9076,0.8158,0.9954,1.0,0.0,0.9048,1.9
338550_C-O-H-Cu-cluster_38-Wullf_facet_COH.cif,0.8616,0.8,0.9099,0.8158,0.9941,1.0,0.0,0.9268,1.9
338551_C-O-H-Cu-cluster_38-Wullf_facet_CHO.cif,0.861,0.8,0.9076,0.8158,0.9941,1.0,0.0,0.9268,1.9
338552_C-O-H-Cu-cluster_38-Wullf_facet_CO.cif,0.8608,0.8,0.9076,0.8158,0.9925,1.0,0.0,0.95,1.9
338553_C-O-H-Cu-cluster_38-Wullf_corner_CHOH.cif,0.8666,0.8,0.9099,0.8421,0.9954,1.0,0.0,0.9048,1.9
338554_C-O-H-Cu-cluster_38-Wullf_corner_COH.cif,0.8664,0.8,0.9099,0.8421,0.9941,1.0,0.0,0.9268,1.9
338555_C-O-H-Cu-cluster_38-Wullf_corner_CHO.cif,0.8664,0.8,0.9099,0.8421,0.9941,1.0,0.0,0.9268,1.9
338556_C-O-H-Cu-cluster_38-Wullf_corner_CO.cif,0.8661,0.8,0.9099,0.8421,0.9925,1.0,0.0,0.95,1.9
338571_bare-Cu-cluster_symmetric__225Wullf.cif,0.7816,0.8,0.8963,0.6222,0.7173,1.0,0.0,1.0,1.9
338572_bare-Cu-cluster_symmetric__165Wullf.cif,0.7755,0.8,0.889,0.5212,0.8112,1.0,0.0,1.0,1.9
338573_bare-Cu-cluster_symmetric__140Wullf.cif,0.8157,0.8,0.9032,0.6857,0.856,1.0,0.0,1.0,1.9
338574_bare-Cu-cluster_symmetric__85Wullf.cif,0.8511,0.8,0.9162,0.7765,0.9597,1.0,0.0,1.0,1.9
338575_bare-Cu-cluster_symmetric__79Wullf.cif,0.8477,0.8,0.9092,0.7595,0.9699,1.0,0.0,1.0,1.9
338576_bare-Cu-cluster_symmetric__38Wullf.cif,0.8653,0.8,0.9088,0.8421,0.9888,1.0,0.0,1.0,1.9
338577_bare-Cu-cluster_symmetric__309Oh.cif,0.7474,0.8,0.8924,0.5243,0.6141,1.0,0.0,1.0,1.9
338578_bare-Cu-cluster_symmetric__147Oh.cif,0.8032,0.8,0.904,0.6259,0.8431,1.0,0.0,1.0,1.9
338579_bare-Cu-cluster_symmetric__309D5h.cif,0.7473,0.8,0.892,0.5243,0.6141,1.0,0.0,1.0,1.9
338580_bare-Cu-cluster_symmetric__147D5h.cif,0.8033,0.8,0.9043,0.6259,0.8431,1.0,0.0,1.0,1.9
338581_bare-Cu-cluster_symmetric__55D5h.cif,0.8541,0.8,0.9142,0.7636,0.9987,1.0,0.0,1.0,1.9
338582_bare-Cu-cluster_symmetric__309Ih.cif,0.7482,0.8,0.8951,0.5243,0.6141,1.0,0.0,1.0,1.9
338583_bare-Cu-cluster_symmetric__147Ih.cif,0.8056,0.8,0.9127,0.6259,0.8431,1.0,0.0,1.0,1.9
338584_bare-Cu-cluster_symmetric__55Ih.cif,0.8593,0.8,0.9336,0.7636,0.9987,1.0,0.0,1.0,1.9
338585_bare-Cu-cluster_symmetric__13Ih.cif,0.847,0.8,0.9118,0.9231,0.7647,1.0,0.0,1.0,1.9
338586_bare-Cu-cluster_rpso_130.cif,0.8136,0.8,0.9112,0.6462,0.8747,1.0,0.0,1.0,1.9
338587_bare-Cu-cluster_rpso_100.cif,0.8291,0.8,0.9145,0.68,0.9321,1.0,0.0,1.0,1.9
338588_bare-Cu-cluster_rpso_51.cif,0.8544,0.8,0.927,0.7451,1.0,1.0,0.0,1.0,1.9
338589_bare-Cu-cluster_rpso_31.cif,0.8716,0.8,0.9252,0.871,0.9666,1.0,0.0,1.0,1.9
338590_bare-Cu-cluster_rpso_320.cif,0.7343,0.8,0.8831,0.475,0.6026,1.0,0.0,1.0,1.9
338591_bare-Cu-cluster_rpso_220.cif,0.7704,0.8,0.8959,0.5545,0.7244,1.0,0.0,1.0,1.9
338592_bare-Cu-cluster_rpso_260.cif,0.7502,0.8,0.8872,0.5,0.6707,1.0,0.0,1.0,1.9
338593_bare-Cu-cluster_rpso_180.cif,0.7829,0.8,0.8964,0.5722,0.7859,1.0,0.0,1.0,1.9
338594_bare-Cu-cluster_rpso_120.cif,0.8114,0.8,0.9013,0.6333,0.8938,1.0,0.0,1.0,1.9
338595_bare-Cu-cluster_rpso_110.cif,0.815,0.8,0.9017,0.6364,0.913,1.0,0.0,1.0,1.9
338596_bare-Cu-cluster_rpso_90.cif,0.8336,0.8,0.9149,0.6889,0.9508,1.0,0.0,1.0,1.9
338597_bare-Cu-cluster_rpso_80.cif,0.8383,0.8,0.9151,0.7,0.9683,1.0,0.0,1.0,1.9
338598_bare-Cu-cluster_rpso_60.cif,0.8513,0.8,0.9259,0.7333,0.9952,1.0,0.0,1.0,1.9
338599_bare-Cu-cluster_rpso_45.cif,0.864,0.8,0.9267,0.8,0.9983,1.0,0.0,1.0,1.9
338600_bare-Cu-cluster_rpso_40.cif,0.8673,0.8,0.9258,0.825,0.9925,1.0,0.0,1.0,1.9
338601_bare-Cu-cluster_rpso_33.cif,0.8702,0.8,0.9308,0.8485,0.9746,1.0,0.0,1.0,1.9
338602_bare-Cu-cluster_rpso_30.cif,0.8716,0.8,0.9307,0.8667,0.9619,1.0,0.0,1.0,1.9
338603_bare-Cu-cluster_rpso_23.cif,0.864,0.8,0.927,0.8696,0.9145,1.0,0.0,1.0,1.9
338604_bare-Cu-cluster_rpso_20.cif,0.8636,0.8,0.9227,0.9,0.8831,1.0,0.0,1.0,1.9
338605_bare-Cu-cluster_rpso_18.cif,0.8569,0.8,0.92,0.8889,0.8568,1.0,0.0,1.0,1.9
nanocluster_Ag10_10atom.cif,0.6986,0.8,0.6773,1.0,0.1046,1.0,0.0,1.0,1.93
nanocluster_Ag13_13atom.cif,0.6986,0.8,0.6773,1.0,0.1046,1.0,0.0,1.0,1.93
nanocluster_Ag19_19atom.cif,0.6986,0.8,0.6773,1.0,0.1046,1.0,0.0,1.0,1.93
nanocluster_Ag23_23atom.cif,0.6986,0.8,0.6773,1.0,0.1046,1.0,0.0,1.0,1.93
nanocluster_Ag38_38atom.cif,0.6986,0.8,0.6773,1.0,0.1046,1.0,0.0,1.0,1.93
nanocluster_Ag3_3atom.cif,0.6986,0.8,0.6773,1.0,0.1046,1.0,0.0,1.0,1.93
nanocluster_Ag4_4atom.cif,0.6986,0.8,0.6773,1.0,0.1046,1.0,0.0,1.0,1.93
nanocluster_Ag55_55atom.cif,0.6986,0.8,0.6773,1.0,0.1046,1.0,0.0,1.0,1.93
nanocluster_Ag5_5atom.cif,0.6986,0.8,0.6773,1.0,0.1046,1.0,0.0,1.0,1.93
nanocluster_Ag6_6atom.cif,0.6986,0.8,0.6773,1.0,0.1046,1.0,0.0,1.0,1.93
nanocluster_Ag7_7atom.cif,0.6986,0.8,0.6773,1.0,0.1046,1.0,0.0,1.0,1.93
nanocluster_Ag8_8atom.cif,0.6986,0.8,0.6773,1.0,0.1046,1.0,0.0,1.0,1.93
nanocluster_Ag9_9atom.cif,0.6986,0.8,0.6773,1.0,0.1046,1.0,0.0,1.0,1.93
nanocluster_Au10_10atom.cif,0.741,0.8,0.8347,1.0,0.1046,1.0,0.0,1.0,2.54
nanocluster_Au13_13atom.cif,0.741,0.8,0.8347,1.0,0.1046,1.0,0.0,1.0,2.54
nanocluster_Au19_19atom.cif,0.741,0.8,0.8347,1.0,0.1046,1.0,0.0,1.0,2.54
nanocluster_Au23_23atom.cif,0.741,0.8,0.8347,1.0,0.1046,1.0,0.0,1.0,2.54
nanocluster_Au38_38atom.cif,0.741,0.8,0.8347,1.0,0.1046,1.0,0.0,1.0,2.54
nanocluster_Au3_3atom.cif,0.741,0.8,0.8347,1.0,0.1046,1.0,0.0,1.0,2.54
nanocluster_Au4_4atom.cif,0.741,0.8,0.8347,1.0,0.1046,1.0,0.0,1.0,2.54
nanocluster_Au55_55atom.cif,0.741,0.8,0.8347,1.0,0.1046,1.0,0.0,1.0,2.54
nanocluster_Au5_5atom.cif,0.741,0.8,0.8347,1.0,0.1046,1.0,0.0,1.0,2.54
nanocluster_Au6_6atom.cif,0.741,0.8,0.8347,1.0,0.1046,1.0,0.0,1.0,2.54
nanocluster_Au7_7atom.cif,0.741,0.8,0.8347,1.0,0.1046,1.0,0.0,1.0,2.54
nanocluster_Au8_8atom.cif,0.741,0.8,0.8347,1.0,0.1046,1.0,0.0,1.0,2.54
nanocluster_Au9_9atom.cif,0.741,0.8,0.8347,1.0,0.1046,1.0,0.0,1.0,2.54
nanocluster_Bi10_10atom.cif,0.478,0.2,0.7493,1.0,0.1046,0.0,1.0,1.0,2.02
nanocluster_Bi13_13atom.cif,0.478,0.2,0.7493,1.0,0.1046,0.0,1.0,1.0,2.02
nanocluster_Bi19_19atom.cif,0.478,0.2,0.7493,1.0,0.1046,0.0,1.0,1.0,2.02
nanocluster_Bi23_23atom.cif,0.478,0.2,0.7493,1.0,0.1046,0.0,1.0,1.0,2.02
nanocluster_Bi38_38atom.cif,0.478,0.2,0.7493,1.0,0.1046,0.0,1.0,1.0,2.02
nanocluster_Bi3_3atom.cif,0.478,0.2,0.7493,1.0,0.1046,0.0,1.0,1.0,2.02
nanocluster_Bi4_4atom.cif,0.478,0.2,0.7493,1.0,0.1046,0.0,1.0,1.0,2.02
nanocluster_Bi55_55atom.cif,0.478,0.2,0.7493,1.0,0.1046,0.0,1.0,1.0,2.02
nanocluster_Bi5_5atom.cif,0.478,0.2,0.7493,1.0,0.1046,0.0,1.0,1.0,2.02
nanocluster_Bi6_6atom.cif,0.478,0.2,0.7493,1.0,0.1046,0.0,1.0,1.0,2.02
nanocluster_Bi7_7atom.cif,0.478,0.2,0.7493,1.0,0.1046,0.0,1.0,1.0,2.02
nanocluster_Bi8_8atom.cif,0.478,0.2,0.7493,1.0,0.1046,0.0,1.0,1.0,2.02
nanocluster_Bi9_9atom.cif,0.478,0.2,0.7493,1.0,0.1046,0.0,1.0,1.0,2.02
nanocluster_Co10_10atom.cif,0.4478,0.2,0.6373,1.0,0.1046,0.0,1.0,1.0,1.88
nanocluster_Co13_13atom.cif,0.4478,0.2,0.6373,1.0,0.1046,0.0,1.0,1.0,1.88
nanocluster_Co19_19atom.cif,0.4478,0.2,0.6373,1.0,0.1046,0.0,1.0,1.0,1.88
nanocluster_Co23_23atom.cif,0.4478,0.2,0.6373,1.0,0.1046,0.0,1.0,1.0,1.88
nanocluster_Co38_38atom.cif,0.4478,0.2,0.6373,1.0,0.1046,0.0,1.0,1.0,1.88
nanocluster_Co3_3atom.cif,0.4478,0.2,0.6373,1.0,0.1046,0.0,1.0,1.0,1.88
nanocluster_Co4_4atom.cif,0.4478,0.2,0.6373,1.0,0.1046,0.0,1.0,1.0,1.88
nanocluster_Co55_55atom.cif,0.4478,0.2,0.6373,1.0,0.1046,0.0,1.0,1.0,1.88
nanocluster_Co5_5atom.cif,0.4478,0.2,0.6373,1.0,0.1046,0.0,1.0,1.0,1.88
nanocluster_Co6_6atom.cif,0.4478,0.2,0.6373,1.0,0.1046,0.0,1.0,1.0,1.88
nanocluster_Co7_7atom.cif,0.4478,0.2,0.6373,1.0,0.1046,0.0,1.0,1.0,1.88
nanocluster_Co8_8atom.cif,0.4478,0.2,0.6373,1.0,0.1046,0.0,1.0,1.0,1.88
nanocluster_Co9_9atom.cif,0.4478,0.2,0.6373,1.0,0.1046,0.0,1.0,1.0,1.88
nanocluster_Cu10_10atom.cif,0.6921,0.8,0.6533,1.0,0.1046,1.0,0.0,1.0,1.9
nanocluster_Cu13_13atom.cif,0.6921,0.8,0.6533,1.0,0.1046,1.0,0.0,1.0,1.9
nanocluster_Cu19_19atom.cif,0.6921,0.8,0.6533,1.0,0.1046,1.0,0.0,1.0,1.9
nanocluster_Cu23_23atom.cif,0.6921,0.8,0.6533,1.0,0.1046,1.0,0.0,1.0,1.9
nanocluster_Cu38_38atom.cif,0.6921,0.8,0.6533,1.0,0.1046,1.0,0.0,1.0,1.9
nanocluster_Cu3_3atom.cif,0.6921,0.8,0.6533,1.0,0.1046,1.0,0.0,1.0,1.9
nanocluster_Cu4_4atom.cif,0.6921,0.8,0.6533,1.0,0.1046,1.0,0.0,1.0,1.9
nanocluster_Cu55_55atom.cif,0.6921,0.8,0.6533,1.0,0.1046,1.0,0.0,1.0,1.9
nanocluster_Cu5_5atom.cif,0.6921,0.8,0.6533,1.0,0.1046,1.0,0.0,1.0,1.9
nanocluster_Cu6_6atom.cif,0.6921,0.8,0.6533,1.0,0.1046,1.0,0.0,1.0,1.9
nanocluster_Cu7_7atom.cif,0.6921,0.8,0.6533,1.0,0.1046,1.0,0.0,1.0,1.9
nanocluster_Cu8_8atom.cif,0.6921,0.8,0.6533,1.0,0.1046,1.0,0.0,1.0,1.9
nanocluster_Cu9_9atom.cif,0.6921,0.8,0.6533,1.0,0.1046,1.0,0.0,1.0,1.9
nanocluster_Fe10_10atom.cif,0.437,0.2,0.5973,1.0,0.1046,0.0,1.0,1.0,1.83
nanocluster_Fe13_13atom.cif,0.437,0.2,0.5973,1.0,0.1046,0.0,1.0,1.0,1.83
nanocluster_Fe19_19atom.cif,0.437,0.2,0.5973,1.0,0.1046,0.0,1.0,1.0,1.83
nanocluster_Fe23_23atom.cif,0.437,0.2,0.5973,1.0,0.1046,0.0,1.0,1.0,1.83
nanocluster_Fe38_38atom.cif,0.437,0.2,0.5973,1.0,0.1046,0.0,1.0,1.0,1.83
nanocluster_Fe3_3atom.cif,0.437,0.2,0.5973,1.0,0.1046,0.0,1.0,1.0,1.83
nanocluster_Fe4_4atom.cif,0.437,0.2,0.5973,1.0,0.1046,0.0,1.0,1.0,1.83
nanocluster_Fe55_55atom.cif,0.437,0.2,0.5973,1.0,0.1046,0.0,1.0,1.0,1.83
nanocluster_Fe5_5atom.cif,0.437,0.2,0.5973,1.0,0.1046,0.0,1.0,1.0,1.83
nanocluster_Fe6_6atom.cif,0.437,0.2,0.5973,1.0,0.1046,0.0,1.0,1.0,1.83
nanocluster_Fe7_7atom.cif,0.437,0.2,0.5973,1.0,0.1046,0.0,1.0,1.0,1.83
nanocluster_Fe8_8atom.cif,0.437,0.2,0.5973,1.0,0.1046,0.0,1.0,1.0,1.83
nanocluster_Fe9_9atom.cif,0.437,0.2,0.5973,1.0,0.1046,0.0,1.0,1.0,1.83
nanocluster_In10_10atom.cif,0.4262,0.2,0.5573,1.0,0.1046,0.0,1.0,1.0,1.78
nanocluster_In13_13atom.cif,0.4262,0.2,0.5573,1.0,0.1046,0.0,1.0,1.0,1.78
nanocluster_In19_19atom.cif,0.4262,0.2,0.5573,1.0,0.1046,0.0,1.0,1.0,1.78
nanocluster_In23_23atom.cif,0.4262,0.2,0.5573,1.0,0.1046,0.0,1.0,1.0,1.78
nanocluster_In38_38atom.cif,0.4262,0.2,0.5573,1.0,0.1046,0.0,1.0,1.0,1.78
nanocluster_In3_3atom.cif,0.4262,0.2,0.5573,1.0,0.1046,0.0,1.0,1.0,1.78
nanocluster_In4_4atom.cif,0.4262,0.2,0.5573,1.0,0.1046,0.0,1.0,1.0,1.78
nanocluster_In55_55atom.cif,0.4262,0.2,0.5573,1.0,0.1046,0.0,1.0,1.0,1.78
nanocluster_In5_5atom.cif,0.4262,0.2,0.5573,1.0,0.1046,0.0,1.0,1.0,1.78
nanocluster_In6_6atom.cif,0.4262,0.2,0.5573,1.0,0.1046,0.0,1.0,1.0,1.78
nanocluster_In7_7atom.cif,0.4262,0.2,0.5573,1.0,0.1046,0.0,1.0,1.0,1.78
nanocluster_In8_8atom.cif,0.4262,0.2,0.5573,1.0,0.1046,0.0,1.0,1.0,1.78
nanocluster_In9_9atom.cif,0.4262,0.2,0.5573,1.0,0.1046,0.0,1.0,1.0,1.78
nanocluster_Ir10_10atom.cif,0.4369,0.0,0.8933,1.0,0.1046,0.0,0.0,1.0,2.2
nanocluster_Ir13_13atom.cif,0.4369,0.0,0.8933,1.0,0.1046,0.0,0.0,1.0,2.2
nanocluster_Ir19_19atom.cif,0.4369,0.0,0.8933,1.0,0.1046,0.0,0.0,1.0,2.2
nanocluster_Ir23_23atom.cif,0.4369,0.0,0.8933,1.0,0.1046,0.0,0.0,1.0,2.2
nanocluster_Ir38_38atom.cif,0.4369,0.0,0.8933,1.0,0.1046,0.0,0.0,1.0,2.2
nanocluster_Ir3_3atom.cif,0.4369,0.0,0.8933,1.0,0.1046,0.0,0.0,1.0,2.2
nanocluster_Ir4_4atom.cif,0.4369,0.0,0.8933,1.0,0.1046,0.0,0.0,1.0,2.2
nanocluster_Ir55_55atom.cif,0.4369,0.0,0.8933,1.0,0.1046,0.0,0.0,1.0,2.2
nanocluster_Ir5_5atom.cif,0.4369,0.0,0.8933,1.0,0.1046,0.0,0.0,1.0,2.2
nanocluster_Ir6_6atom.cif,0.4369,0.0,0.8933,1.0,0.1046,0.0,0.0,1.0,2.2
nanocluster_Ir7_7atom.cif,0.4369,0.0,0.8933,1.0,0.1046,0.0,0.0,1.0,2.2
nanocluster_Ir8_8atom.cif,0.4369,0.0,0.8933,1.0,0.1046,0.0,0.0,1.0,2.2
nanocluster_Ir9_9atom.cif,0.4369,0.0,0.8933,1.0,0.1046,0.0,0.0,1.0,2.2
nanocluster_Mo10_10atom.cif,0.5082,0.2,0.8613,1.0,0.1046,0.0,1.0,1.0,2.16
nanocluster_Mo13_13atom.cif,0.5082,0.2,0.8613,1.0,0.1046,0.0,1.0,1.0,2.16
nanocluster_Mo19_19atom.cif,0.5082,0.2,0.8613,1.0,0.1046,0.0,1.0,1.0,2.16
nanocluster_Mo23_23atom.cif,0.5082,0.2,0.8613,1.0,0.1046,0.0,1.0,1.0,2.16
nanocluster_Mo38_38atom.cif,0.5082,0.2,0.8613,1.0,0.1046,0.0,1.0,1.0,2.16
nanocluster_Mo3_3atom.cif,0.5082,0.2,0.8613,1.0,0.1046,0.0,1.0,1.0,2.16
nanocluster_Mo4_4atom.cif,0.5082,0.2,0.8613,1.0,0.1046,0.0,1.0,1.0,2.16
nanocluster_Mo55_55atom.cif,0.5082,0.2,0.8613,1.0,0.1046,0.0,1.0,1.0,2.16
nanocluster_Mo5_5atom.cif,0.5082,0.2,0.8613,1.0,0.1046,0.0,1.0,1.0,2.16
nanocluster_Mo6_6atom.cif,0.5082,0.2,0.8613,1.0,0.1046,0.0,1.0,1.0,2.16
nanocluster_Mo7_7atom.cif,0.5082,0.2,0.8613,1.0,0.1046,0.0,1.0,1.0,2.16
nanocluster_Mo8_8atom.cif,0.5082,0.2,0.8613,1.0,0.1046,0.0,1.0,1.0,2.16
nanocluster_Mo9_9atom.cif,0.5082,0.2,0.8613,1.0,0.1046,0.0,1.0,1.0,2.16
nanocluster_Ni10_10atom.cif,0.4542,0.2,0.6613,1.0,0.1046,0.0,1.0,1.0,1.91
nanocluster_Ni13_13atom.cif,0.4542,0.2,0.6613,1.0,0.1046,0.0,1.0,1.0,1.91
nanocluster_Ni19_19atom.cif,0.4542,0.2,0.6613,1.0,0.1046,0.0,1.0,1.0,1.91
nanocluster_Ni23_23atom.cif,0.4542,0.2,0.6613,1.0,0.1046,0.0,1.0,1.0,1.91
nanocluster_Ni38_38atom.cif,0.4542,0.2,0.6613,1.0,0.1046,0.0,1.0,1.0,1.91
nanocluster_Ni3_3atom.cif,0.4542,0.2,0.6613,1.0,0.1046,0.0,1.0,1.0,1.91
nanocluster_Ni4_4atom.cif,0.4542,0.2,0.6613,1.0,0.1046,0.0,1.0,1.0,1.91
nanocluster_Ni55_55atom.cif,0.4542,0.2,0.6613,1.0,0.1046,0.0,1.0,1.0,1.91
nanocluster_Ni5_5atom.cif,0.4542,0.2,0.6613,1.0,0.1046,0.0,1.0,1.0,1.91
nanocluster_Ni6_6atom.cif,0.4542,0.2,0.6613,1.0,0.1046,0.0,1.0,1.0,1.91
nanocluster_Ni7_7atom.cif,0.4542,0.2,0.6613,1.0,0.1046,0.0,1.0,1.0,1.91
nanocluster_Ni8_8atom.cif,0.4542,0.2,0.6613,1.0,0.1046,0.0,1.0,1.0,1.91
nanocluster_Ni9_9atom.cif,0.4542,0.2,0.6613,1.0,0.1046,0.0,1.0,1.0,1.91
nanocluster_Pb10_10atom.cif,0.545,0.2,0.9973,1.0,0.1046,0.0,1.0,1.0,2.33
nanocluster_Pb13_13atom.cif,0.545,0.2,0.9973,1.0,0.1046,0.0,1.0,1.0,2.33
nanocluster_Pb19_19atom.cif,0.545,0.2,0.9973,1.0,0.1046,0.0,1.0,1.0,2.33
nanocluster_Pb23_23atom.cif,0.545,0.2,0.9973,1.0,0.1046,0.0,1.0,1.0,2.33
nanocluster_Pb38_38atom.cif,0.545,0.2,0.9973,1.0,0.1046,0.0,1.0,1.0,2.33
nanocluster_Pb3_3atom.cif,0.545,0.2,0.9973,1.0,0.1046,0.0,1.0,1.0,2.33
nanocluster_Pb4_4atom.cif,0.545,0.2,0.9973,1.0,0.1046,0.0,1.0,1.0,2.33
nanocluster_Pb55_55atom.cif,0.545,0.2,0.9973,1.0,0.1046,0.0,1.0,1.0,2.33
nanocluster_Pb5_5atom.cif,0.545,0.2,0.9973,1.0,0.1046,0.0,1.0,1.0,2.33
nanocluster_Pb6_6atom.cif,0.545,0.2,0.9973,1.0,0.1046,0.0,1.0,1.0,2.33
nanocluster_Pb7_7atom.cif,0.545,0.2,0.9973,1.0,0.1046,0.0,1.0,1.0,2.33
nanocluster_Pb8_8atom.cif,0.545,0.2,0.9973,1.0,0.1046,0.0,1.0,1.0,2.33
nanocluster_Pb9_9atom.cif,0.545,0.2,0.9973,1.0,0.1046,0.0,1.0,1.0,2.33
nanocluster_Pd10_10atom.cif,0.5169,0.2,0.8933,1.0,0.1046,0.0,1.0,1.0,2.2
nanocluster_Pd13_13atom.cif,0.5169,0.2,0.8933,1.0,0.1046,0.0,1.0,1.0,2.2
nanocluster_Pd19_19atom.cif,0.5169,0.2,0.8933,1.0,0.1046,0.0,1.0,1.0,2.2
nanocluster_Pd23_23atom.cif,0.5169,0.2,0.8933,1.0,0.1046,0.0,1.0,1.0,2.2
nanocluster_Pd38_38atom.cif,0.5169,0.2,0.8933,1.0,0.1046,0.0,1.0,1.0,2.2
nanocluster_Pd3_3atom.cif,0.5169,0.2,0.8933,1.0,0.1046,0.0,1.0,1.0,2.2
nanocluster_Pd4_4atom.cif,0.5169,0.2,0.8933,1.0,0.1046,0.0,1.0,1.0,2.2
nanocluster_Pd55_55atom.cif,0.5169,0.2,0.8933,1.0,0.1046,0.0,1.0,1.0,2.2
nanocluster_Pd5_5atom.cif,0.5169,0.2,0.8933,1.0,0.1046,0.0,1.0,1.0,2.2
nanocluster_Pd6_6atom.cif,0.5169,0.2,0.8933,1.0,0.1046,0.0,1.0,1.0,2.2
nanocluster_Pd7_7atom.cif,0.5169,0.2,0.8933,1.0,0.1046,0.0,1.0,1.0,2.2
nanocluster_Pd8_8atom.cif,0.5169,0.2,0.8933,1.0,0.1046,0.0,1.0,1.0,2.2
nanocluster_Pd9_9atom.cif,0.5169,0.2,0.8933,1.0,0.1046,0.0,1.0,1.0,2.2
nanocluster_Pt10_10atom.cif,0.4542,0.0,0.9573,1.0,0.1046,0.0,0.0,1.0,2.28
nanocluster_Pt13_13atom.cif,0.4542,0.0,0.9573,1.0,0.1046,0.0,0.0,1.0,2.28
nanocluster_Pt19_19atom.cif,0.4542,0.0,0.9573,1.0,0.1046,0.0,0.0,1.0,2.28
nanocluster_Pt23_23atom.cif,0.4542,0.0,0.9573,1.0,0.1046,0.0,0.0,1.0,2.28
nanocluster_Pt38_38atom.cif,0.4542,0.0,0.9573,1.0,0.1046,0.0,0.0,1.0,2.28
nanocluster_Pt3_3atom.cif,0.4542,0.0,0.9573,1.0,0.1046,0.0,0.0,1.0,2.28
nanocluster_Pt4_4atom.cif,0.4542,0.0,0.9573,1.0,0.1046,0.0,0.0,1.0,2.28
nanocluster_Pt55_55atom.cif,0.4542,0.0,0.9573,1.0,0.1046,0.0,0.0,1.0,2.28
nanocluster_Pt5_5atom.cif,0.4542,0.0,0.9573,1.0,0.1046,0.0,0.0,1.0,2.28
nanocluster_Pt6_6atom.cif,0.4542,0.0,0.9573,1.0,0.1046,0.0,0.0,1.0,2.28
nanocluster_Pt7_7atom.cif,0.4542,0.0,0.9573,1.0,0.1046,0.0,0.0,1.0,2.28
nanocluster_Pt8_8atom.cif,0.4542,0.0,0.9573,1.0,0.1046,0.0,0.0,1.0,2.28
nanocluster_Pt9_9atom.cif,0.4542,0.0,0.9573,1.0,0.1046,0.0,0.0,1.0,2.28
nanocluster_Rh10_10atom.cif,0.4542,0.0,0.9573,1.0,0.1046,0.0,0.0,1.0,2.28
nanocluster_Rh13_13atom.cif,0.4542,0.0,0.9573,1.0,0.1046,0.0,0.0,1.0,2.28
nanocluster_Rh19_19atom.cif,0.4542,0.0,0.9573,1.0,0.1046,0.0,0.0,1.0,2.28
nanocluster_Rh23_23atom.cif,0.4542,0.0,0.9573,1.0,0.1046,0.0,0.0,1.0,2.28
nanocluster_Rh38_38atom.cif,0.4542,0.0,0.9573,1.0,0.1046,0.0,0.0,1.0,2.28
nanocluster_Rh3_3atom.cif,0.4542,0.0,0.9573,1.0,0.1046,0.0,0.0,1.0,2.28
nanocluster_Rh4_4atom.cif,0.4542,0.0,0.9573,1.0,0.1046,0.0,0.0,1.0,2.28
nanocluster_Rh55_55atom.cif,0.4542,0.0,0.9573,1.0,0.1046,0.0,0.0,1.0,2.28
nanocluster_Rh5_5atom.cif,0.4542,0.0,0.9573,1.0,0.1046,0.0,0.0,1.0,2.28
nanocluster_Rh6_6atom.cif,0.4542,0.0,0.9573,1.0,0.1046,0.0,0.0,1.0,2.28
nanocluster_Rh7_7atom.cif,0.4542,0.0,0.9573,1.0,0.1046,0.0,0.0,1.0,2.28
nanocluster_Rh8_8atom.cif,0.4542,0.0,0.9573,1.0,0.1046,0.0,0.0,1.0,2.28
nanocluster_Rh9_9atom.cif,0.4542,0.0,0.9573,1.0,0.1046,0.0,0.0,1.0,2.28
nanocluster_Ru10_10atom.cif,0.5169,0.2,0.8933,1.0,0.1046,0.0,1.0,1.0,2.2
nanocluster_Ru13_13atom.cif,0.5169,0.2,0.8933,1.0,0.1046,0.0,1.0,1.0,2.2
nanocluster_Ru19_19atom.cif,0.5169,0.2,0.8933,1.0,0.1046,0.0,1.0,1.0,2.2
nanocluster_Ru23_23atom.cif,0.5169,0.2,0.8933,1.0,0.1046,0.0,1.0,1.0,2.2
nanocluster_Ru38_38atom.cif,0.5169,0.2,0.8933,1.0,0.1046,0.0,1.0,1.0,2.2
nanocluster_Ru3_3atom.cif,0.5169,0.2,0.8933,1.0,0.1046,0.0,1.0,1.0,2.2
nanocluster_Ru4_4atom.cif,0.5169,0.2,0.8933,1.0,0.1046,0.0,1.0,1.0,2.2
nanocluster_Ru55_55atom.cif,0.5169,0.2,0.8933,1.0,0.1046,0.0,1.0,1.0,2.2
nanocluster_Ru5_5atom.cif,0.5169,0.2,0.8933,1.0,0.1046,0.0,1.0,1.0,2.2
nanocluster_Ru6_6atom.cif,0.5169,0.2,0.8933,1.0,0.1046,0.0,1.0,1.0,2.2
nanocluster_Ru7_7atom.cif,0.5169,0.2,0.8933,1.0,0.1046,0.0,1.0,1.0,2.2
nanocluster_Ru8_8atom.cif,0.5169,0.2,0.8933,1.0,0.1046,0.0,1.0,1.0,2.2
nanocluster_Ru9_9atom.cif,0.5169,0.2,0.8933,1.0,0.1046,0.0,1.0,1.0,2.2
nanocluster_Sn10_10atom.cif,0.465,0.2,0.7013,1.0,0.1046,0.0,1.0,1.0,1.96
nanocluster_Sn13_13atom.cif,0.465,0.2,0.7013,1.0,0.1046,0.0,1.0,1.0,1.96
nanocluster_Sn19_19atom.cif,0.465,0.2,0.7013,1.0,0.1046,0.0,1.0,1.0,1.96
nanocluster_Sn23_23atom.cif,0.465,0.2,0.7013,1.0,0.1046,0.0,1.0,1.0,1.96
nanocluster_Sn38_38atom.cif,0.465,0.2,0.7013,1.0,0.1046,0.0,1.0,1.0,1.96
nanocluster_Sn3_3atom.cif,0.465,0.2,0.7013,1.0,0.1046,0.0,1.0,1.0,1.96
nanocluster_Sn4_4atom.cif,0.465,0.2,0.7013,1.0,0.1046,0.0,1.0,1.0,1.96
nanocluster_Sn55_55atom.cif,0.465,0.2,0.7013,1.0,0.1046,0.0,1.0,1.0,1.96
nanocluster_Sn5_5atom.cif,0.465,0.2,0.7013,1.0,0.1046,0.0,1.0,1.0,1.96
nanocluster_Sn6_6atom.cif,0.465,0.2,0.7013,1.0,0.1046,0.0,1.0,1.0,1.96
nanocluster_Sn7_7atom.cif,0.465,0.2,0.7013,1.0,0.1046,0.0,1.0,1.0,1.96
nanocluster_Sn8_8atom.cif,0.465,0.2,0.7013,1.0,0.1046,0.0,1.0,1.0,1.96
nanocluster_Sn9_9atom.cif,0.465,0.2,0.7013,1.0,0.1046,0.0,1.0,1.0,1.96
nanocluster_Ti10_10atom.cif,0.3743,0.2,0.3653,1.0,0.1046,0.0,1.0,1.0,1.54
nanocluster_Ti13_13atom.cif,0.3743,0.2,0.3653,1.0,0.1046,0.0,1.0,1.0,1.54
nanocluster_Ti19_19atom.cif,0.3743,0.2,0.3653,1.0,0.1046,0.0,1.0,1.0,1.54
nanocluster_Ti23_23atom.cif,0.3743,0.2,0.3653,1.0,0.1046,0.0,1.0,1.0,1.54
nanocluster_Ti38_38atom.cif,0.3743,0.2,0.3653,1.0,0.1046,0.0,1.0,1.0,1.54
nanocluster_Ti3_3atom.cif,0.3743,0.2,0.3653,1.0,0.1046,0.0,1.0,1.0,1.54
nanocluster_Ti4_4atom.cif,0.3743,0.2,0.3653,1.0,0.1046,0.0,1.0,1.0,1.54
nanocluster_Ti55_55atom.cif,0.3743,0.2,0.3653,1.0,0.1046,0.0,1.0,1.0,1.54
nanocluster_Ti5_5atom.cif,0.3743,0.2,0.3653,1.0,0.1046,0.0,1.0,1.0,1.54
nanocluster_Ti6_6atom.cif,0.3743,0.2,0.3653,1.0,0.1046,0.0,1.0,1.0,1.54
nanocluster_Ti7_7atom.cif,0.3743,0.2,0.3653,1.0,0.1046,0.0,1.0,1.0,1.54
nanocluster_Ti8_8atom.cif,0.3743,0.2,0.3653,1.0,0.1046,0.0,1.0,1.0,1.54
nanocluster_Ti9_9atom.cif,0.3743,0.2,0.3653,1.0,0.1046,0.0,1.0,1.0,1.54
nanocluster_Zn10_10atom.cif,0.6381,0.8,0.4533,1.0,0.1046,1.0,0.0,1.0,1.65
nanocluster_Zn13_13atom.cif,0.6381,0.8,0.4533,1.0,0.1046,1.0,0.0,1.0,1.65
nanocluster_Zn19_19atom.cif,0.6381,0.8,0.4533,1.0,0.1046,1.0,0.0,1.0,1.65
nanocluster_Zn23_23atom.cif,0.6381,0.8,0.4533,1.0,0.1046,1.0,0.0,1.0,1.65
nanocluster_Zn38_38atom.cif,0.6381,0.8,0.4533,1.0,0.1046,1.0,0.0,1.0,1.65
nanocluster_Zn3_3atom.cif,0.6381,0.8,0.4533,1.0,0.1046,1.0,0.0,1.0,1.65
nanocluster_Zn4_4atom.cif,0.6381,0.8,0.4533,1.0,0.1046,1.0,0.0,1.0,1.65
nanocluster_Zn55_55atom.cif,0.6381,0.8,0.4533,1.0,0.1046,1.0,0.0,1.0,1.65
nanocluster_Zn5_5atom.cif,0.6381,0.8,0.4533,1.0,0.1046,1.0,0.0,1.0,1.65
nanocluster_Zn6_6atom.cif,0.6381,0.8,0.4533,1.0,0.1046,1.0,0.0,1.0,1.65
nanocluster_Zn7_7atom.cif,0.6381,0.8,0.4533,1.0,0.1046,1.0,0.0,1.0,1.65
nanocluster_Zn8_8atom.cif,0.6381,0.8,0.4533,1.0,0.1046,1.0,0.0,1.0,1.65
nanocluster_Zn9_9atom.cif,0.6381,0.8,0.4533,1.0,0.1046,1.0,0.0,1.0,1.65
paper_ag14_d4cc00152d.cif,0.777,0.76,0.9522,0.9333,0.3195,0.9333,0.0667,0.037,1.948
paper_ag14_d5cc02587g.cif,0.8046,0.8,0.9251,1.0,0.3655,1.0,0.0,0.0409,1.9257
paper_ag19cu2_d4nr02702.cif,0.6791,0.8,0.8824,0.381,0.3485,1.0,0.0,0.0289,1.9271
paper_ag20cu10_d4qi03264k.cif,0.7025,0.8,0.8984,0.7143,0.0755,1.0,0.0,0.0636,1.9163
paper_agcu_d4mh01324g.cif,0.5165,0.8,0.677,0.0,0.0912,1.0,0.0,0.0453,1.9037
